1,3
2,0
3,1
6,0
7,3
8,1
9,1
10,3
11,1
12,0
13,0
14,0
15,0
16,0
17,0
18,0
20,1
21,0
22,1
23,1
24,0
25,0
26,2
27,0
28,2
29,2
30,1
31,3
32,1
33,1
35,1
37,1
38,0
40,0
41,0
42,1
43,0
44,2
45,0
46,12
47,1
48,0
49,0
50,1
51,1
52,0
53,2
55,2
58,3
59,7
61,0
65,5
70,0
71,3
72,0
73,0
74,3
75,0
76,1
77,0
78,7
79,3
80,0
82,5
84,2
85,5
86,0
87,0
88,0
89,2
90,0
91,1
92,2
93,4
94,1
95,3
96,2
98,5
101,1
102,0
103,5
104,2
108,2
109,2
111,5
112,1
114,0
115,0
116,0
118,1
119,0
120,0
121,0
122,3
124,1
125,1
126,1
127,2
128,2
129,0
130,0
131,0
132,12
133,2
137,0
138,1
143,1
144,1
146,5
147,1
148,5
150,0
151,0
152,0
153,0
154,0
156,2
157,6
160,0
161,1
162,0
163,0
164,0
167,0
169,0
170,0
171,0
172,5
175,1
176,1
177,0
178,5
179,0
180,0
181,3
182,4
183,1
184,4
185,1
186,1
187,0
192,1
193,0
195,2
196,0
197,0
198,0
199,0
200,0
201,1
202,1
203,0
204,0
205,0
206,0
207,5
208,2
209,2
210,4
211,0
212,0
213,1
214,1
215,0
216,0
217,0
218,0
219,0
221,0
222,0
223,0
224,0
225,0
226,0
227,1
228,1
229,0
231,2
233,0
235,0
237,1
238,0
239,2
240,0
241,0
245,3
247,0
248,0
249,0
250,1
252,2
255,1
256,0
257,0
258,0
260,1
261,2
262,0
263,0
264,0
265,1
266,0
269,1
270,1
271,0
272,1
273,0
274,0
275,0
276,0
277,1
279,2
282,2
283,1
284,9
285,0
286,2
287,0
288,0
289,2
290,0
291,1
292,3
297,1
298,0
299,4
300,0
301,1
302,0
303,0
304,0
305,1
306,0
307,0
308,1
309,1
310,1
311,0
312,3
313,0
314,5
315,2
316,0
317,3
318,0
319,2
320,0
321,0
322,0
323,0
324,0
325,0
326,1
327,2
328,0
329,0
330,0
331,1
332,0
334,1
335,0
336,2
337,0
338,4
339,1
340,0
341,7
343,3
345,0
346,0
347,1
348,4
349,8
350,0
352,0
353,7
354,1
355,1
356,2
357,0
358,1
359,7
360,0
361,0
362,0
363,1
364,0
365,6
366,0
367,18
368,0
369,0
370,3
371,0
372,6
373,1
374,1
375,1
376,0
377,1
378,0
379,1
380,4
383,0
384,0
387,3
388,4
389,0
390,0
391,0
392,0
393,0
394,3
395,0
396,1
397,1
398,0
399,0
400,0
401,1
402,0
403,3
404,1
405,0
406,4
407,0
408,0
409,0
410,0
411,0
414,0
415,0
416,2
417,1
418,0
419,7
420,0
422,1
423,0
424,0
425,0
426,0
428,2
429,2
430,2
431,0
433,0
434,2
436,2
437,2
438,0
439,1
441,3
442,0
444,1
445,0
446,0
447,3
448,3
449,0
450,0
451,1
452,1
453,0
454,1
455,7
456,0
457,10
458,0
459,0
460,3
461,7
462,5
463,4
465,0
466,1
467,0
468,1
469,1
470,0
471,0
472,0
473,1
474,2
475,3
476,0
477,2
478,0
479,5
480,0
481,3
482,0
483,0
484,1
486,0
487,1
488,3
489,1
490,1
492,0
493,0
494,1
495,2
496,0
497,2
498,1
501,1
503,0
504,2
505,1
506,0
507,0
508,0
509,1
510,2
511,1
512,2
513,0
514,0
515,1
517,0
518,0
519,1
520,1
521,0
522,0
523,0
524,2
525,0
526,0
527,0
528,0
529,0
530,0
531,0
532,0
534,1
535,0
536,0
537,0
538,0
539,0
540,2
541,1
542,1
543,1
544,0
545,0
546,0
547,1
548,0
549,0
551,2
552,1
553,4
555,4
556,3
558,3
559,2
560,2
561,1
562,0
563,5
564,0
565,1
566,1
567,5
569,0
570,0
571,0
573,0
574,2
575,3
576,0
577,1
579,0
580,0
581,1
582,0
583,0
584,3
585,0
586,2
587,1
588,0
589,0
590,0
591,0
592,1
593,0
594,1
595,1
596,0
598,1
600,1
601,0
602,1
604,5
605,0
606,0
607,1
608,2
609,0
610,1
611,0
612,0
613,1
614,0
615,1
616,0
617,0
618,0
619,1
620,1
621,1
622,0
623,0
624,1
625,5
626,1
627,1
628,1
629,1
631,0
632,1
633,0
634,1
635,0
639,4
640,10
641,1
642,0
643,0
644,0
645,0
646,0
647,0
648,0
649,0
650,2
652,0
653,0
654,0
655,0
657,0
658,0
659,1
660,0
661,0
662,0
663,0
664,0
665,0
666,0
667,0
668,0
669,0
670,0
671,0
672,2
673,0
674,0
675,1
676,1
677,0
678,0
679,0
680,0
681,0
682,0
683,0
684,1
685,0
686,0
687,1
688,2
689,5
690,0
691,7
692,0
693,0
694,0
695,2
696,0
697,1
698,0
699,2
700,2
701,0
702,0
705,1
713,1
714,1
715,0
716,1
718,3
719,0
720,0
723,1
724,3
725,0
726,1
727,0
730,1
732,1
733,0
734,0
735,1
736,0
737,0
738,0
740,0
741,0
742,0
743,1
744,0
745,0
746,0
749,0
750,0
751,1
752,2
753,0
754,1
755,1
756,0
757,0
758,0
759,0
763,1
764,0
766,0
767,1
768,0
769,2
770,1
778,0
779,1
780,0
781,1
782,0
785,3
786,0
788,0
789,0
790,0
791,1
792,2
793,0
794,0
795,1
796,4
797,1
798,3
799,0
800,0
801,1
802,0
803,2
804,0
805,1
806,0
809,0
810,5
811,0
812,0
813,1
814,0
815,3
816,1
817,1
818,1
819,1
820,1
821,1
825,1
826,3
827,0
829,0
830,1
831,2
832,1
833,0
834,1
835,1
836,2
837,2
838,4
839,1
840,0
841,0
842,0
843,0
844,0
845,0
846,1
847,3
848,1
849,0
850,0
851,1
852,1
853,0
854,0
855,0
856,0
857,0
858,3
859,1
860,2
861,4
862,2
863,5
865,5
866,1
867,0
869,1
870,0
871,2
873,3
874,0
875,5
876,0
877,0
878,0
879,1
880,1
881,1
882,0
883,0
884,0
885,0
886,3
887,0
888,0
889,0
890,0
891,0
892,0
893,0
894,0
897,0
898,1
899,0
900,0
901,0
902,0
903,0
904,3
905,2
906,1
908,1
909,0
910,0
911,0
912,0
913,0
917,0
918,0
919,0
921,0
922,0
923,2
924,0
925,2
926,1
927,4
928,0
929,0
930,0
931,1
932,0
933,0
934,1
935,0
936,3
937,1
938,1
939,0
940,2
941,0
942,0
943,0
944,1
945,1
946,1
947,0
948,1
949,0
950,0
951,2
952,2
953,0
954,0
955,0
956,2
958,1
959,0
960,0
961,2
962,0
963,0
964,0
965,0
966,0
967,0
968,2
969,0
970,0
971,0
972,0
973,3
974,3
975,3
976,1
977,1
978,5
979,0
980,0
981,0
982,0
983,0
984,0
985,0
986,0
987,0
988,1
989,0
990,1
991,0
992,1
993,0
994,0
995,0
996,1
997,0
998,0
999,0
1000,0
1001,0
1002,0
1003,0
1004,0
1005,0
1006,0
1007,0
1008,0
1009,0
1010,2
1011,0
1012,1
1013,2
1015,1
1016,0
1017,0
1018,1
1019,0
1021,3
1023,0
1025,0
1026,0
1027,0
1028,0
1029,0
1030,3
1031,0
1032,2
1033,2
1034,1
1035,0
1036,0
1037,0
1039,0
1040,0
1041,0
1042,3
1043,2
1044,0
1045,0
1046,0
1047,0
1048,1
1049,0
1053,0
1054,2
1055,0
1056,0
1057,0
1058,0
1059,0
1060,0
1061,7
1062,1
1063,5
1064,1
1065,0
1066,5
1067,2
1069,0
1070,1
1071,0
1072,0
1073,0
1074,1
1075,0
1076,0
1077,0
1078,1
1081,0
1082,1
1083,7
1084,0
1085,1
1086,1
1088,0
1089,0
1090,0
1091,3
1092,3
1093,0
1094,0
1095,0
1096,0
1098,0
1100,0
1101,1
1102,0
1103,0
1104,0
1105,1
1106,0
1107,1
1108,0
1109,0
1110,0
1111,1
1112,4
1113,0
1114,6
1115,1
1116,0
1117,0
1118,0
1119,0
1120,0
1125,2
1126,0
1127,0
1128,0
1129,0
1130,0
1131,0
1134,0
1136,0
1137,0
1139,0
1140,0
1141,3
1142,3
1143,1
1144,1
1145,0
1146,0
1147,1
1148,1
1150,0
1152,0
1153,0
1154,0
1155,5
1156,1
1157,0
1158,0
1159,0
1160,0
1161,0
1162,0
1163,0
1164,1
1165,0
1166,0
1167,1
1168,1
1169,0
1170,1
1171,6
1172,0
1173,0
1174,1
1175,0
1176,1
1177,3
1178,3
1179,0
1180,0
1181,0
1182,1
1183,2
1184,0
1185,0
1186,4
1187,3
1191,1
1192,1
1193,0
1194,0
1195,0
1196,0
1197,0
1198,0
1199,0
1200,0
1201,1
1202,2
1203,0
1204,0
1205,1
1206,0
1207,0
1208,0
1209,0
1210,1
1211,2
1212,0
1214,0
1215,0
1216,0
1217,1
1218,0
1219,0
1229,3
1230,0
1231,1
1235,0
1236,1
1237,0
1238,0
1239,0
1240,1
1241,0
1242,1
1245,1
1246,0
1250,3
1251,1
1252,1
1253,1
1254,1
1255,2
1256,1
1258,2
1259,1
1260,0
1261,1
1262,1
1263,2
1264,6
1265,1
1266,3
1267,0
1268,0
1269,1
1270,1
1271,1
1272,0
1273,1
1274,1
1275,1
1277,0
1278,0
1279,0
1280,1
1281,0
1282,0
1283,0
1284,0
1285,0
1286,0
1287,0
1288,0
1289,0
1290,0
1291,1
1292,3
1293,0
1296,0
1297,0
1298,0
1299,0
1301,0
1302,2
1303,1
1304,1
1305,0
1306,0
1307,0
1308,1
1309,1
1310,0
1311,1
1312,1
1313,0
1314,3
1315,1
1316,1
1317,0
1318,0
1319,1
1320,2
1322,0
1323,0
1324,0
1325,0
1326,5
1327,0
1328,0
1329,1
1330,0
1331,1
1332,5
1333,5
1334,1
1335,0
1336,0
1337,4
1338,0
1339,0
1340,0
1341,0
1342,0
1343,0
1344,0
1345,0
1346,0
1347,1
1348,0
1349,1
1350,3
1351,1
1352,1
1353,1
1354,0
1356,1
1357,0
1358,0
1359,0
1360,0
1361,0
1362,0
1363,0
1364,0
1365,0
1366,0
1367,0
1368,0
1369,2
1370,0
1371,2
1372,0
1391,0
1392,0
1393,0
1394,1
1395,0
1396,1
1397,0
1398,0
1399,1
1400,0
1401,1
1402,0
1403,7
1404,4
1407,11
1408,0
1409,1
1410,0
1412,1
1413,0
1414,1
1415,0
1416,2
1417,0
1418,0
1420,0
1421,1
1422,0
1423,4
1424,0
1425,1
1426,2
1427,3
1428,0
1429,0
1430,0
1432,0
1433,3
1434,1
1435,1
1436,1
1437,2
1438,2
1440,0
1441,0
1442,1
1443,1
1444,1
1445,1
1446,0
1447,1
1448,0
1449,2
1450,0
1451,2
1452,1
1453,1
1454,0
1455,0
1456,0
1457,0
1458,0
1459,0
1460,0
1461,3
1462,1
1463,1
1464,1
1465,0
1466,0
1467,0
1469,0
1470,0
1471,0
1472,0
1473,0
1474,0
1475,1
1476,0
1478,0
1479,0
1480,0
1481,1
1483,1
1484,0
1485,3
1486,0
1487,1
1488,0
1489,1
1490,1
1491,1
1492,0
1493,1
1494,0
1497,0
1498,0
1501,1
1507,0
1508,2
1509,0
1510,1
1511,0
1512,2
1513,0
1516,0
1517,1
1518,0
1519,1
1520,0
1521,0
1524,0
1525,1
1526,1
1527,0
1528,2
1529,0
1530,0
1531,0
1532,2
1533,2
1534,4
1535,4
1536,1
1537,2
1538,1
1539,2
1540,0
1541,1
1542,7
1543,0
1544,0
1545,2
1546,6
1547,0
1548,2
1549,3
1550,0
1551,4
1552,0
1553,2
1554,0
1556,3
1557,0
1558,1
1559,1
1560,0
1561,0
1563,1
1564,0
1565,0
1566,0
1567,1
1568,0
1569,0
1571,1
1572,0
1573,1
1575,0
1576,1
1577,0
1578,1
1579,1
1581,1
1582,3
1583,3
1590,0
1591,1
1593,0
1594,1
1597,3
1598,0
1599,0
1600,0
1601,0
1602,0
1603,2
1604,0
1606,0
1608,1
1609,0
1610,1
1611,0
1612,0
1613,0
1614,0
1615,0
1616,0
1617,1
1618,0
1619,2
1620,0
1621,0
1622,0
1623,0
1624,1
1625,1
1626,0
1627,1
1628,0
1629,1
1630,1
1631,0
1632,0
1633,0
1634,0
1635,1
1636,0
1637,2
1638,4
1639,0
1640,0
1641,0
1642,0
1643,0
1644,1
1645,1
1646,0
1647,2
1648,2
1649,0
1651,1
1652,3
1653,0
1655,0
1656,0
1657,0
1658,0
1659,0
1660,2
1661,2
1662,0
1663,1
1664,1
1665,1
1666,0
1667,0
1668,3
1669,0
1670,1
1671,0
1672,0
1673,0
1674,0
1675,0
1676,0
1677,0
1678,0
1679,0
1680,0
1681,0
1682,0
1683,0
1684,0
1685,0
1686,0
1687,0
1688,0
1689,0
1690,0
1691,0
1692,0
1693,0
1694,0
1695,0
1696,0
1697,0
1698,0
1699,0
1700,1
1701,1
1702,2
1703,0
1704,2
1705,2
1706,5
1707,0
1708,0
1709,0
1710,0
1711,2
1712,0
1713,0
1714,4
1715,0
1716,0
1719,1
1720,0
1721,0
1722,0
1723,0
1724,2
1725,0
1726,0
1728,0
1729,4
1730,0
1731,0
1732,1
1733,0
1734,1
1735,0
1736,2
1737,0
1738,0
1739,4
1740,0
1741,0
1742,2
1743,0
1744,1
1745,0
1746,0
1747,0
1748,0
1749,0
1750,0
1751,1
1752,2
1754,0
1755,4
1756,13
1757,0
1758,0
1759,0
1760,0
1761,0
1762,1
1763,7
1764,0
1765,1
1766,0
1767,0
1768,0
1769,0
1770,0
1771,0
1772,0
1773,3
1774,0
1775,4
1776,0
1777,2
1778,1
1779,4
1780,1
1781,5
1783,2
1784,4
1786,2
1787,0
1788,1
1789,6
1790,1
1791,4
1792,0
1793,2
1794,3
1795,3
1796,3
1797,11
1798,0
1801,0
1802,1
1804,8
1807,0
1816,6
1817,0
1818,1
1819,1
1820,0
1821,2
1822,1
1823,3
1824,0
1825,3
1826,6
1827,2
1828,4
1829,2
1831,1
1832,0
1833,0
1834,0
1835,1
1836,0
1837,1
1838,0
1839,9
1841,3
1842,8
1843,4
1844,0
1845,0
1846,5
1847,1
1848,0
1849,0
1850,0
1851,3
1852,0
1853,1
1854,0
1855,0
1856,1
1857,0
1858,2
1859,0
1860,0
1862,1
1863,1
1864,1
1865,0
1866,0
1868,2
1869,0
1870,4
1871,1
1872,0
1873,2
1874,1
1875,0
1876,0
1877,0
1878,1
1879,0
1880,0
1881,4
1882,0
1883,0
1884,0
1885,2
1886,3
1887,0
1888,0
1889,0
1890,1
1891,0
1892,0
1893,0
1894,3
1895,0
1896,0
1897,1
1899,2
1900,0
1902,0
1903,2
1904,1
1905,1
1906,0
1907,0
1909,1
1910,0
1911,0
1912,2
1913,1
1914,1
1915,0
1916,0
1917,2
1918,3
1919,0
1920,1
1921,0
1922,1
1923,1
1924,0
1925,0
1926,1
1927,1
1928,0
1929,0
1930,0
1931,0
1932,0
1933,1
1934,0
1935,1
1936,3
1937,0
1938,1
1939,0
1940,0
1941,0
1942,0
1943,0
1944,0
1945,11
1946,0
1947,0
1949,0
1950,0
1951,8
1952,0
1953,0
1954,0
1955,1
1956,1
1957,0
1958,1
1959,1
1960,0
1961,0
1963,1
1964,1
1966,0
1967,0
1968,0
1969,0
1970,0
1971,0
1972,0
1973,6
1974,1
1975,0
1976,0
1977,0
1978,0
1979,0
1980,0
1981,2
1982,2
1983,0
1984,0
1985,1
1986,2
1987,0
1988,0
1989,0
1990,0
1991,0
1992,0
1993,0
1994,3
1995,0
1996,3
1997,1
1998,0
1999,0
2000,1
2001,0
2002,0
2003,1
2004,0
2005,0
2006,1
2007,1
2008,1
2009,4
2010,0
2011,0
2012,1
2013,0
2014,2
2015,0
2016,0
2017,0
2018,0
2019,1
2021,0
2022,3
2023,0
2024,0
2025,1
2027,0
2028,0
2029,0
2030,6
2031,3
2032,2
2033,2
2034,0
2036,1
2037,0
2038,0
2039,0
2040,0
2041,0
2042,0
2043,0
2044,0
2045,0
2046,0
2052,0
2054,12
2055,4
2056,0
2057,1
2058,1
2060,0
2061,1
2062,1
2063,1
2064,1
2065,1
2066,2
2067,3
2068,0
2069,0
2070,0
2071,3
2072,1
2073,2
2074,1
2075,0
2076,1
2077,0
2078,1
2079,2
2080,1
2081,3
2082,1
2083,2
2084,2
2085,1
2086,0
2087,5
2088,1
2089,1
2090,0
2091,1
2092,0
2093,0
2094,0
2095,1
2096,0
2097,3
2098,2
2099,2
2100,4
2101,1
2102,1
2103,2
2104,0
2105,1
2106,1
2107,1
2108,5
2109,2
2110,3
2111,1
2112,0
2113,6
2114,2
2115,1
2116,1
2125,0
2126,1
2127,4
2128,0
2129,2
2130,2
2131,0
2132,0
2133,0
2134,0
2135,0
2137,0
2138,2
2139,2
2140,3
2141,0
2142,0
2143,1
2144,0
2145,1
2146,1
2147,3
2148,1
2149,0
2158,0
2159,0
2160,2
2161,0
2168,0
2170,1
2171,4
2172,3
2173,2
2174,0
2175,1
2176,2
2177,1
2178,6
2179,1
2180,0
2181,0
2182,0
2183,1
2184,0
2185,1
2186,1
2187,1
2188,0
2189,1
2190,2
2191,0
2192,0
2193,0
2194,1
2195,0
2196,0
2197,0
2198,0
2199,1
2200,1
2201,3
2203,0
2204,1
2205,0
2206,1
2208,2
2209,4
2210,5
2211,2
2212,1
2213,0
2214,1
2215,2
2216,0
2217,0
2218,0
2219,3
2220,0
2221,0
2222,0
2223,0
2224,1
2225,0
2226,5
2227,0
2229,0
2230,4
2231,0
2232,1
2233,1
2234,0
2235,2
2236,2
2237,0
2238,0
2239,1
2240,0
2241,3
2242,0
2243,1
2244,1
2245,3
2246,0
2247,0
2248,0
2249,1
2250,0
2251,0
2252,1
2253,1
2254,1
2255,3
2256,0
2257,0
2258,1
2261,1
2262,0
2263,1
2264,4
2265,0
2266,1
2267,1
2268,2
2269,0
2270,0
2271,0
2274,0
2275,0
2277,0
2278,4
2279,2
2280,7
2281,0
2282,0
2283,1
2284,0
2285,1
2286,0
2287,3
2288,0
2289,1
2293,1
2294,0
2295,1
2296,0
2297,0
2298,0
2299,1
2300,1
2301,0
2302,1
2303,1
2304,0
2305,0
2306,0
2307,1
2308,0
2309,1
2310,1
2311,0
2312,0
2313,0
2314,2
2315,1
2316,1
2317,1
2318,0
2319,2
2320,1
2321,1
2322,0
2323,0
2324,6
2325,0
2326,0
2328,2
2329,0
2330,6
2331,0
2334,0
2335,0
2336,1
2337,1
2338,0
2339,2
2343,5
2344,1
2345,0
2347,0
2348,2
2349,0
2350,1
2351,1
2352,0
2353,0
2354,0
2355,0
2356,0
2357,0
2358,1
2359,0
2360,1
2361,1
2362,0
2363,1
2364,1
2365,0
2366,2
2367,1
2370,2
2371,1
2372,1
2373,0
2374,2
2376,2
2377,1
2378,0
2379,1
2380,1
2381,0
2382,1
2383,1
2384,2
2385,0
2386,1
2387,2
2388,1
2389,1
2390,1
2391,0
2392,0
2393,0
2394,0
2395,0
2396,0
2397,0
2398,1
2401,3
2405,1
2406,1
2407,1
2409,0
2410,0
2412,1
2413,1
2417,0
2419,0
2420,0
2422,1
2423,1
2424,0
2425,4
2426,1
2428,0
2429,1
2430,3
2432,7
2434,0
2435,1
2436,1
2437,1
2439,0
2442,0
2444,0
2445,1
2446,0
2447,1
2448,0
2449,0
2451,0
2452,0
2453,0
2454,0
2455,0
2457,0
2458,0
2459,0
2460,0
2461,0
2462,0
2463,0
2464,0
2466,0
2467,0
2468,0
2469,2
2470,4
2471,1
2472,3
2473,3
2474,7
2476,1
2477,0
2478,2
2479,6
2480,1
2481,2
2482,1
2483,0
2484,2
2485,1
2486,3
2487,0
2488,0
2491,0
2493,0
2494,2
2495,4
2496,0
2497,0
2498,1
2499,1
2500,1
2501,1
2502,6
2503,2
2504,0
2505,0
2506,5
2507,0
2508,0
2509,0
2510,0
2511,0
2512,4
2513,3
2514,0
2515,0
2516,3
2517,1
2518,1
2519,0
2520,0
2521,7
2522,6
2523,0
2524,0
2525,1
2526,1
2527,0
2528,0
2529,0
2530,1
2531,1
2532,3
2533,0
2534,3
2535,0
2536,12
2537,2
2541,3
2543,3
2546,2
2547,5
2548,1
2549,0
2550,0
2553,0
2556,0
2557,1
2558,1
2559,0
2560,2
2561,1
2562,1
2563,0
2564,2
2565,1
2566,0
2567,0
2568,0
2570,0
2571,0
2572,0
2573,0
2574,0
2575,0
2576,0
2577,6
2578,2
2579,2
2580,0
2581,1
2582,0
2583,1
2584,0
2585,2
2586,4
2587,1
2588,0
2589,1
2590,0
2591,0
2592,0
2593,0
2594,0
2595,2
2596,0
2597,0
2598,0
2599,0
2600,2
2601,0
2602,1
2603,0
2604,1
2605,0
2606,0
2607,0
2608,0
2609,0
2610,0
2611,0
2612,0
2613,0
2614,0
2615,0
2616,0
2617,1
2618,0
2619,3
2620,0
2621,2
2622,5
2623,4
2624,0
2625,0
2626,0
2627,1
2628,1
2629,0
2630,2
2632,0
2635,3
2644,0
2645,3
2646,0
2647,0
2648,0
2650,0
2651,0
2653,0
2656,1
2657,1
2658,1
2659,0
2661,1
2662,0
2663,0
2664,1
2665,0
2666,0
2667,0
2668,0
2669,0
2670,0
2671,1
2672,0
2673,0
2676,0
2677,2
2678,0
2679,2
2680,3
2681,0
2682,8
2684,1
2686,0
2687,3
2688,1
2690,0
2691,2
2692,0
2693,3
2695,0
2696,0
2697,0
2698,0
2699,0
2700,0
2701,0
2702,0
2703,0
2704,1
2705,1
2706,1
2707,2
2710,0
2711,2
2712,0
2713,2
2714,0
2715,1
2716,2
2718,0
2719,0
2720,0
2721,1
2722,0
2723,7
2724,0
2725,0
2726,1
2727,0
2728,1
2729,0
2730,0
2731,2
2732,1
2733,2
2734,1
2735,0
2736,0
2737,0
2738,0
2739,0
2745,0
2747,0
2749,0
2750,1
2751,1
2752,1
2753,0
2754,1
2755,0
2756,2
2757,0
2758,1
2759,0
2760,1
2761,0
2762,0
2763,0
2764,1
2765,0
2766,0
2767,0
2768,1
2771,0
2772,0
2774,0
2776,0
2777,0
2778,1
2779,0
2780,0
2781,0
2782,0
2783,0
2784,0
2785,0
2786,0
2787,0
2788,0
2789,1
2790,1
2791,3
2792,0
2793,0
2805,0
2806,1
2807,1
2808,1
2809,0
2810,2
2811,1
2812,0
2813,0
2814,1
2815,0
2816,2
2818,4
2819,5
2820,0
2821,3
2822,1
2823,1
2824,4
2825,10
2826,2
2827,0
2828,1
2829,0
2830,3
2831,4
2832,0
2833,1
2834,1
2836,1
2837,0
2838,0
2839,1
2840,2
2841,2
2842,0
2843,0
2844,4
2845,0
2846,1
2847,0
2848,1
2849,1
2850,1
2851,1
2852,1
2853,5
2854,0
2855,1
2856,0
2857,0
2858,3
2859,0
2861,2
2862,1
2863,0
2864,1
2865,0
2866,1
2868,0
2870,1
2871,0
2872,1
2873,0
2874,0
2875,0
2880,4
2881,3
2882,0
2883,1
2884,1
2885,1
2886,0
2887,1
2888,4
2889,2
2890,1
2891,0
2892,0
2893,0
2894,0
2895,0
2896,0
2897,0
2898,2
2899,1
2900,3
2901,0
2902,1
2903,0
2904,2
2905,0
2906,2
2908,0
2909,0
2910,4
2911,2
2912,3
2913,3
2914,4
2915,0
2916,1
2917,0
2918,1
2919,1
2931,1
2932,0
2933,1
2934,0
2935,0
2936,0
2937,1
2938,0
2939,1
2940,0
2941,0
2942,2
2943,0
2944,0
2946,0
2947,0
2948,0
2949,0
2950,0
2951,0
2952,0
2953,1
2954,1
2955,0
2956,0
2957,0
2958,0
2959,0
2960,0
2961,0
2963,0
2964,0
2965,0
2966,1
2967,2
2968,0
2969,0
2970,1
2971,1
2972,0
2984,0
2985,8
2986,0
2988,2
2989,4
2990,2
2991,0
2992,0
2993,0
3009,0
3010,0
3011,0
3012,0
3015,0
3016,0
3017,2
3018,2
3019,3
3020,2
3022,1
3024,0
3025,1
3029,0
3030,2
3031,0
3032,0
3033,0
3034,1
3035,1
3037,1
3038,1
3039,2
3040,0
3041,0
3042,0
3043,0
3044,0
3045,0
3047,0
3048,0
3049,0
3051,0
3052,1
3053,1
3054,4
3055,2
3056,0
3057,0
3058,2
3059,2
3060,1
3061,1
3064,1
3069,1
3070,5
3071,1
3073,0
3074,1
3075,0
3076,1
3079,0
3080,0
3081,1
3082,1
3083,2
3084,0
3085,0
3086,1
3087,1
3088,1
3089,0
3090,0
3091,1
3092,1
3094,1
3095,0
3096,5
3098,1
3099,0
3100,4
3101,1
3102,0
3106,5
3107,0
3108,1
3109,3
3110,4
3111,2
3112,3
3113,0
3114,0
3115,0
3116,0
3117,1
3118,0
3119,1
3123,0
3124,0
3135,1
3136,0
3137,0
3138,0
3139,0
3140,1
3142,0
3143,6
3144,0
3145,1
3146,0
3147,0
3148,1
3149,2
3150,1
3151,3
3152,1
3153,0
3154,0
3155,0
3156,1
3157,0
3159,1
3160,0
3166,0
3167,2
3168,0
3169,1
3170,0
3174,2
3175,2
3176,0
3177,5
3178,4
3179,2
3180,0
3185,4
3186,5
3188,0
3189,3
3190,1
3194,1
3195,1
3196,0
3199,0
3200,0
3201,0
3202,4
3209,1
3210,1
3211,0
3212,1
3213,1
3214,3
3216,1
3217,0
3218,4
3219,0
3220,0
3221,0
3222,1
3223,0
3224,0
3225,0
3226,0
3227,0
3230,1
3232,0
3233,1
3235,5
3236,0
3241,0
3242,1
3243,2
3244,2
3245,0
3246,1
3247,0
3248,0
3249,4
3250,0
3251,0
3252,0
3253,2
3256,1
3257,0
3258,1
3259,0
3260,0
3261,0
3262,1
3263,1
3264,0
3265,0
3266,1
3267,0
3268,0
3269,0
3271,0
3277,0
3278,1
3279,0
3280,1
3281,2
3282,0
3283,5
3284,2
3285,1
3286,4
3287,0
3289,0
3291,3
3292,2
3293,4
3294,1
3295,0
3296,0
3297,2
3298,3
3299,0
3300,3
3301,0
3302,0
3303,0
3305,0
3306,0
3307,2
3308,0
3309,0
3310,0
3311,0
3312,1
3313,0
3314,0
3316,0
3317,1
3318,1
3319,0
3320,3
3321,0
3322,0
3323,1
3325,0
3326,0
3327,3
3328,0
3329,0
3331,2
3332,3
3334,1
3335,1
3336,2
3337,1
3338,0
3339,1
3340,0
3341,1
3342,0
3343,0
3344,0
3345,0
3346,1
3347,3
3350,0
3351,1
3352,0
3353,3
3354,1
3355,2
3356,1
3357,0
3358,0
3359,2
3360,1
3362,0
3363,1
3364,1
3365,1
3366,0
3368,0
3370,1
3371,0
3372,0
3373,0
3376,1
3377,1
3381,4
3382,0
3383,2
3384,0
3385,0
3386,0
3387,2
3388,0
3389,0
3390,0
3391,1
3392,1
3393,1
3396,1
3398,1
3399,5
3400,0
3402,5
3403,0
3404,0
3405,1
3408,5
3422,0
3426,2
3427,0
3430,4
3431,0
3432,0
3433,0
3434,1
3435,1
3436,1
3437,0
3440,0
3442,0
3443,0
3444,0
3445,1
3447,1
3448,0
3449,1
3450,0
3451,0
3452,1
3453,0
3454,1
3455,0
3456,1
3457,3
3458,1
3459,1
3460,0
3462,1
3463,1
3464,1
3465,2
3466,0
3467,0
3468,0
3469,7
3470,3
3472,2
3473,1
3474,3
3476,8
3478,0
3480,0
3482,0
3483,0
3484,0
3485,0
3486,9
3489,0
3494,4
3495,0
3503,0
3512,3
3513,0
3514,0
3515,2
3516,1
3517,0
3520,0
3521,4
3522,0
3523,1
3524,0
3525,0
3526,0
3527,8
3528,3
3529,0
3530,2
3531,1
3532,1
3533,3
3534,1
3535,1
3536,2
3537,0
3538,2
3542,2
3543,0
3544,3
3545,2
3547,0
3548,1
3551,3
3552,2
3553,0
3554,4
3555,6
3556,1
3557,1
3558,1
3559,0
3560,0
3561,3
3562,1
3563,2
3564,6
3565,13
3566,0
3567,0
3568,2
3569,1
3570,0
3571,4
3572,0
3573,0
3574,4
3575,3
3576,0
3579,1
3583,1
3584,0
3588,0
3589,4
3593,1
3594,0
3595,3
3596,0
3597,2
3599,2
3602,0
3603,0
3604,2
3612,1
3613,8
3614,1
3615,2
3616,0
3617,0
3618,0
3621,1
3622,0
3623,0
3624,0
3627,0
3629,0
3630,0
3631,0
3632,0
3635,1
3636,0
3637,0
3638,0
3639,0
3640,2
3641,2
3648,0
3649,2
3650,8
3651,0
3652,2
3653,0
3654,2
3655,8
3658,2
3659,5
3660,1
3661,3
3662,1
3663,2
3664,2
3665,3
3666,0
3667,1
3668,4
3669,0
3670,1
3671,1
3675,1
3681,0
3682,0
3684,0
3685,0
3686,1
3687,1
3688,1
3689,0
3690,0
3691,3
3694,0
3695,7
3696,0
3697,1
3698,0
3699,2
3700,1
3701,1
3702,2
3703,0
3704,0
3705,0
3706,0
3707,0
3708,0
3709,0
3710,1
3711,0
3712,0
3713,0
3716,0
3717,3
3718,1
3719,0
3720,1
3721,0
3722,1
3723,0
3724,2
3725,0
3726,0
3727,1
3730,1
3734,0
3736,0
3738,2
3745,1
3746,1
3747,1
3752,0
3753,0
3754,0
3755,0
3757,0
3758,0
3761,0
3763,0
3764,7
3765,1
3766,1
3767,0
3768,0
3769,1
3771,7
3772,8
3773,7
3774,10
3775,4
3776,6
3777,0
3778,0
3779,4
3780,3
3783,2
3785,0
3786,1
3787,0
3789,1
3790,0
3791,0
3792,3
3793,0
3794,1
3795,0
3796,1
3797,0
3798,0
3799,0
3800,0
3801,0
3802,0
3803,0
3804,0
3805,0
3806,0
3822,0
3823,0
3825,3
3827,5
3831,0
3834,0
3835,2
3836,1
3837,2
3838,1
3839,0
3840,0
3842,0
3843,0
3844,0
3845,1
3846,0
3847,0
3848,2
3849,1
3853,5
3858,6
3859,1
3867,0
3868,1
3869,0
3871,0
3872,4
3873,1
3874,2
3875,3
3877,1
3878,1
3879,0
3880,0
3882,3
3883,2
3884,1
3885,0
3886,4
3887,1
3888,1
3901,1
3902,0
3904,0
3905,0
3906,1
3907,0
3917,0
3918,0
3920,2
3922,1
3923,0
3924,0
3927,0
3929,0
3930,0
3932,2
3933,0
3934,0
3935,1
3936,0
3937,2
3938,3
3939,0
3940,0
3941,0
3942,1
3943,0
3944,0
3946,2
3948,0
3949,2
3950,0
3953,0
3954,0
3955,0
3956,1
3957,0
3958,0
3959,0
3960,0
3961,1
3962,0
3963,0
3964,0
3966,0
3967,2
3977,0
3978,1
3979,0
3980,1
3982,0
3983,4
3984,0
3985,0
3986,1
3987,1
3988,6
3989,7
3990,2
3991,1
3992,2
3993,0
3994,1
3995,1
3996,0
3997,4
3998,0
3999,0
4000,4
4001,1
4002,0
4003,0
4004,0
4005,0
4006,4
4007,4
4008,3
4009,2
4010,0
4011,0
4012,0
4013,0
4014,2
4015,0
4016,1
4017,0
4018,1
4020,0
4021,1
4022,0
4023,2
4024,0
4025,0
4026,1
4027,0
4028,0
4029,4
4030,1
4031,4
4032,1
4033,0
4034,1
4035,1
4036,0
4038,0
4039,0
4040,1
4041,0
4049,0
4051,2
4052,0
4053,1
4057,0
4058,0
4060,0
4061,0
4063,0
4065,1
4067,3
4068,1
4069,2
4070,0
4071,0
4072,3
4073,0
4074,1
4075,2
4076,0
4077,2
4078,0
4079,0
4080,4
4081,0
4082,1
4083,0
4086,1
4087,0
4088,7
4089,2
4090,0
4101,3
4102,0
4103,0
4104,0
4105,0
4106,0
4107,3
4109,0
4116,1
4130,0
4131,1
4132,1
4133,1
4134,0
4135,0
4136,0
4137,0
4138,0
4139,0
4140,0
4141,0
4142,0
4143,0
4144,0
4145,0
4146,3
4148,0
4149,0
4150,1
4151,1
4152,4
4153,0
4154,2
4155,1
4156,2
4157,0
4158,3
4159,1
4160,1
4161,2
4165,1
4166,0
4167,1
4168,0
4169,1
4170,5
4171,0
4172,0
4173,2
4174,1
4176,0
4177,0
4178,3
4179,1
4180,0
4181,1
4182,0
4183,0
4185,2
4186,1
4188,0
4191,1
4193,0
4194,0
4195,0
4196,0
4197,0
4199,1
4200,1
4201,0
4202,0
4203,1
4204,0
4205,0
4206,0
4207,0
4210,0
4211,0
4212,0
4214,0
4215,3
4216,0
4218,0
4221,0
4223,1
4229,3
4232,0
4234,1
4235,1
4236,0
4237,0
4239,0
4240,0
4241,0
4242,0
4243,0
4244,0
4245,0
4246,0
4248,0
4250,2
4251,1
4252,1
4255,0
4256,2
4257,2
4258,2
4259,2
4260,1
4261,2
4263,0
4264,0
4265,0
4267,0
4268,2
4269,1
4270,1
4271,0
4272,0
4278,1
4279,1
4280,1
4281,0
4282,0
4284,0
4286,0
4287,0
4288,0
4289,3
4290,0
4291,0
4292,0
4293,1
4294,0
4295,0
4296,0
4297,5
4298,1
4299,2
4300,5
4301,1
4302,1
4303,2
4304,6
4305,1
4306,0
4307,1
4308,1
4309,1
4310,1
4311,1
4312,1
4313,1
4314,0
4315,0
4316,0
4317,1
4319,2
4320,1
4323,0
4324,0
4325,0
4326,0
4327,2
4331,0
4332,3
4333,0
4335,1
4338,6
4341,2
4342,3
4343,4
4347,3
4350,4
4351,0
4352,0
4353,0
4354,0
4355,4
4356,0
4358,9
4365,1
4366,0
4367,5
4368,0
4369,0
4371,0
4372,0
4373,1
4375,0
4376,0
4378,0
4379,2
4380,0
4381,0
4382,0
4383,0
4384,0
4385,0
4386,1
4387,0
4388,0
4389,4
4390,0
4392,0
4393,1
4394,0
4398,2
4399,0
4400,0
4401,0
4402,0
4403,0
4404,1
4405,2
4409,1
4410,2
4411,0
4413,0
4415,0
4419,1
4420,0
4421,0
4422,0
4423,1
4424,13
4427,2
4428,0
4429,0
4431,0
4432,0
4433,0
4434,0
4435,0
4438,6
4439,1
4440,0
4441,1
4442,1
4443,3
4444,0
4445,1
4446,0
4449,5
4450,1
4452,1
4453,2
4454,0
4455,2
4456,21
4457,3
4458,5
4461,0
4463,1
4464,2
4465,1
4466,3
4467,2
4469,0
4470,0
4471,1
4472,0
4473,1
4474,0
4475,0
4476,0
4477,1
4478,0
4479,1
4480,0
4481,0
4482,0
4483,0
4484,1
4485,5
4486,1
4487,0
4488,0
4489,1
4490,5
4491,0
4492,0
4493,4
4494,1
4496,0
4497,2
4498,2
4499,2
4502,2
4503,2
4504,2
4505,4
4506,2
4507,0
4508,1
4509,0
4510,0
4511,1
4512,1
4513,0
4514,0
4515,2
4517,3
4520,0
4522,0
4523,0
4524,0
4526,0
4529,4
4530,0
4531,2
4532,2
4533,0
4534,0
4535,1
4543,0
4544,4
4546,0
4547,2
4549,0
4550,1
4551,0
4553,0
4554,0
4555,1
4556,0
4557,1
4558,0
4559,1
4560,0
4561,2
4566,2
4568,2
4569,5
4570,0
4571,3
4572,0
4573,8
4574,3
4575,5
4576,11
4577,1
4578,0
4579,0
4580,1
4581,9
4582,7
4583,5
4584,2
4585,1
4586,6
4587,1
4588,0
4589,4
4590,1
4591,1
4592,5
4593,3
4594,1
4595,0
4596,0
4597,0
4598,4
4599,1
4600,1
4601,1
4602,0
4603,1
4604,3
4605,6
4606,3
4607,0
4608,1
4609,0
4610,0
4611,0
4612,0
4613,0
4614,1
4615,0
4616,3
4617,0
4618,2
4619,3
4621,1
4622,4
4623,2
4624,1
4625,0
4626,1
4627,0
4628,0
4629,0
4630,0
4631,0
4632,0
4633,0
4634,0
4635,1
4636,0
4639,1
4640,0
4646,0
4647,0
4648,0
4649,0
4650,0
4653,2
4656,0
4658,1
4659,7
4662,2
4663,0
4664,0
4667,0
4671,4
4672,1
4673,1
4676,0
4677,2
4685,2
4687,0
4688,0
4689,0
4690,2
4691,6
4692,1
4693,0
4694,1
4695,2
4696,0
4697,0
4698,0
4699,0
4700,0
4701,0
4702,2
4703,6
4704,0
4705,0
4706,6
4707,0
4709,3
4710,4
4711,0
4713,4
4714,0
4715,1
4718,0
4719,3
4720,1
4723,1
4725,0
4729,0
4730,9
4731,1
4732,4
4733,3
4734,0
4735,0
4736,0
4737,0
4738,2
4739,0
4740,2
4744,3
4745,1
4746,0
4747,0
4748,2
4749,0
4750,1
4751,1
4752,1
4753,1
4757,2
4759,0
4760,0
4761,1
4762,3
4763,0
4764,0
4765,0
4766,1
4767,0
4768,0
4769,0
4770,3
4771,3
4772,6
4773,1
4774,2
4775,0
4776,2
4777,2
4778,0
4779,0
4780,1
4781,0
4782,1
4783,0
4784,2
4785,1
4786,0
4787,1
4788,1
4789,0
4790,0
4791,1
4792,0
4793,6
4794,2
4795,2
4796,1
4797,1
4798,0
4800,0
4801,4
4802,5
4803,2
4804,2
4805,0
4806,0
4807,0
4808,1
4809,1
4810,0
4811,3
4812,0
4813,0
4815,0
4816,0
4817,0
4818,0
4819,2
4821,1
4822,0
4823,2
4824,2
4825,0
4826,0
4827,0
4828,1
4830,0
4831,1
4832,3
4835,0
4837,2
4838,0
4839,3
4840,1
4841,0
4842,1
4843,2
4844,2
4845,1
4846,0
4847,1
4848,2
4849,0
4850,1
4851,2
4852,0
4853,1
4854,0
4855,1
4856,1
4861,0
4863,2
4864,3
4865,1
4866,0
4867,6
4868,2
4869,0
4870,1
4873,2
4874,0
4875,0
4876,0
4877,1
4891,1
4892,2
4893,2
4894,7
4896,0
4897,3
4898,0
4899,2
4900,1
4901,0
4902,2
4903,1
4905,3
4906,0
4907,0
4908,1
4909,0
4910,3
4911,1
4913,0
4914,0
4915,0
4919,3
4920,2
4922,2
4923,3
4924,0
4925,1
4926,2
4928,0
4929,0
4930,0
4931,0
4933,1
4935,0
4936,0
4937,0
4938,0
4939,0
4940,0
4941,0
4942,0
4944,0
4945,0
4946,0
4947,0
4948,0
4949,4
4950,1
4951,0
4952,1
4953,0
4954,0
4955,1
4956,0
4961,1
4962,1
4963,0
4964,1
4965,0
4966,0
4967,0
4968,0
4969,1
4970,3
4971,0
4972,1
4973,2
4974,5
4975,1
4980,2
4981,2
4982,1
4983,2
4984,3
4987,0
4988,0
4994,2
4996,3
4999,2
5000,0
5001,2
5002,0
5003,1
5004,1
5005,1
5006,1
5007,0
5008,0
5009,0
5010,0
5012,0
5013,0
5014,0
5015,0
5016,1
5017,1
5018,0
5019,0
5020,0
5021,0
5022,0
5023,0
5024,0
5025,0
5026,2
5027,2
5028,0
5029,1
5030,0
5031,0
5032,0
5033,0
5034,1
5035,0
5036,0
5037,0
5038,0
5040,2
5041,2
5042,1
5043,1
5044,1
5045,1
5046,7
5048,4
5049,0
5050,0
5051,0
5052,2
5053,1
5054,1
5055,3
5056,1
5057,5
5058,0
5059,4
5061,6
5063,2
5064,0
5065,0
5066,1
5067,0
5068,1
5069,3
5070,1
5071,1
5073,4
5076,2
5077,0
5078,0
5080,0
5081,0
5082,0
5083,1
5084,0
5085,0
5086,0
5087,0
5088,0
5089,0
5090,0
5091,0
5092,0
5093,0
5094,0
5095,1
5096,1
5100,0
5101,3
5102,6
5103,0
5104,4
5105,5
5106,2
5107,2
5108,1
5109,0
5110,0
5111,1
5112,0
5113,0
5114,0
5115,0
5116,2
5117,1
5118,2
5119,0
5120,5
5121,7
5122,2
5123,1
5124,0
5125,0
5126,1
5127,6
5128,1
5129,1
5130,5
5131,1
5132,1
5133,1
5134,0
5135,0
5136,8
5137,7
5138,1
5139,0
5140,0
5141,0
5142,0
5143,0
5144,0
5145,0
5146,0
5147,0
5148,2
5149,0
5150,0
5153,5
5155,0
5156,3
5157,0
5158,1
5159,2
5160,7
5161,0
5162,2
5163,0
5164,2
5165,1
5166,1
5167,0
5168,2
5169,0
5170,0
5171,0
5172,0
5173,0
5174,3
5175,1
5176,0
5177,0
5178,0
5179,0
5180,0
5181,0
5182,0
5183,0
5184,0
5185,0
5189,1
5190,1
5192,0
5194,0
5195,0
5196,0
5197,0
5198,0
5199,4
5200,1
5201,2
5202,0
5205,2
5206,0
5207,0
5209,0
5210,0
5211,1
5212,2
5213,1
5214,4
5215,2
5216,0
5217,1
5225,0
5226,3
5227,0
5231,1
5232,2
5234,0
5235,0
5236,2
5237,0
5240,1
5241,0
5242,0
5245,0
5246,0
5247,0
5248,0
5249,1
5250,0
5251,0
5252,0
5253,0
5254,0
5255,1
5256,0
5257,1
5258,1
5259,1
5260,0
5261,0
5262,2
5263,1
5264,0
5265,0
5266,4
5267,0
5268,2
5269,0
5270,0
5272,0
5274,0
5278,0
5279,2
5280,0
5281,0
5282,1
5288,1
5290,0
5291,0
5292,0
5293,0
5294,0
5295,0
5296,0
5297,0
5298,0
5299,0
5300,1
5301,0
5302,0
5303,0
5304,0
5305,0
5306,1
5307,0
5308,0
5309,0
5310,0
5311,1
5312,0
5313,0
5314,4
5315,0
5316,0
5317,0
5318,1
5319,2
5322,1
5325,0
5326,4
5327,6
5328,0
5329,0
5330,3
5338,0
5339,0
5340,1
5341,2
5342,0
5343,2
5346,2
5347,1
5348,0
5349,1
5350,0
5351,2
5352,0
5353,0
5354,2
5356,0
5362,0
5363,1
5364,0
5365,0
5368,0
5369,0
5372,0
5373,0
5374,0
5375,0
5376,0
5377,2
5378,1
5379,1
5380,1
5381,1
5382,1
5384,0
5385,0
5387,0
5388,1
5389,0
5391,2
5392,5
5393,0
5397,0
5399,1
5400,3
5402,1
5404,0
5405,4
5409,0
5410,2
5411,0
5415,0
5416,0
5419,0
5420,1
5421,3
5422,1
5423,0
5424,0
5425,1
5427,0
5428,2
5429,0
5430,0
5431,0
5432,7
5433,1
5434,0
5435,0
5436,1
5437,0
5439,0
5440,1
5441,0
5442,1
5444,0
5445,2
5446,0
5447,0
5448,0
5451,0
5452,2
5454,0
5455,2
5456,0
5457,0
5458,0
5459,0
5460,0
5461,0
5462,0
5464,0
5465,0
5466,1
5467,0
5468,0
5469,1
5470,0
5471,0
5472,0
5473,0
5474,0
5475,0
5476,2
5477,2
5478,5
5480,0
5481,0
5483,1
5484,0
5485,0
5486,1
5487,1
5489,0
5490,1
5491,3
5496,0
5497,0
5498,0
5499,0
5500,0
5501,0
5502,1
5503,0
5504,1
5505,2
5506,1
5508,1
5509,0
5510,0
5511,0
5512,3
5513,0
5514,0
5515,4
5516,0
5517,1
5518,3
5519,1
5520,0
5521,2
5526,0
5527,0
5528,3
5529,0
5530,1
5531,1
5532,0
5533,1
5535,0
5536,0
5537,0
5539,1
5540,0
5541,0
5543,3
5544,2
5546,0
5547,0
5548,1
5549,0
5550,1
5551,0
5552,0
5553,1
5554,0
5555,0
5556,0
5558,0
5559,0
5560,1
5562,8
5564,0
5565,1
5566,0
5567,2
5568,0
5569,0
5570,0
5571,3
5572,0
5573,0
5574,1
5576,5
5577,0
5578,1
5579,2
5581,1
5582,0
5583,0
5584,0
5585,0
5586,0
5587,3
5588,1
5589,1
5590,0
5591,1
5594,0
5595,0
5596,1
5597,0
5598,0
5599,0
5600,3
5601,1
5602,1
5604,0
5608,0
5609,0
5610,0
5611,2
5612,1
5613,5
5615,0
5616,0
5619,0
5620,0
5621,0
5623,3
5626,0
5627,1
5633,4
5634,0
5636,2
5639,0
5642,1
5643,1
5644,0
5645,2
5648,5
5649,3
5650,0
5651,3
5652,4
5653,2
5654,0
5655,2
5656,1
5657,0
5659,0
5660,2
5662,0
5663,0
5669,0
5677,0
5678,0
5709,7
5718,2
5723,4
5787,0
5788,1
5789,0
5790,0
5791,2
5792,4
5793,3
5794,2
5795,1
5796,2
5797,0
5798,4
5799,0
5800,8
5801,0
5802,4
5803,2
5804,2
5805,0
5807,2
5808,3
5809,2
5811,0
5812,2
5813,0
5814,1
5815,1
5816,1
5817,0
5818,2
5820,0
5821,1
5822,2
5824,1
5825,0
5826,1
5827,3
5828,1
5829,5
5830,1
5832,1
5833,2
5834,0
5835,2
5837,2
5838,0
5839,0
5840,0
5841,1
5842,3
5843,2
5844,1
5845,3
5846,1
5847,1
5848,2
5850,0
5853,0
5854,2
5855,0
5856,1
5857,1
5858,2
5860,0
5861,0
5862,0
5867,1
5871,0
5872,0
5873,0
5874,0
5875,0
5876,0
5877,0
5878,4
5879,2
5880,0
5881,0
5882,0
5883,0
5885,0
5886,0
5887,0
5888,0
5890,0
5891,0
5892,0
5896,0
5897,0
5898,2
5900,1
5902,0
5904,1
5906,3
5907,0
5908,1
5909,0
5911,0
5914,0
5915,1
5916,1
5920,0
5921,0
5922,0
5923,0
5924,0
5926,0
5927,1
5934,0
5935,0
5936,0
5937,0
5938,0
5939,0
5940,1
5941,1
5942,1
5943,0
5944,1
5945,1
5946,2
5947,0
5948,1
5951,0
5952,0
5953,2
5954,1
5955,4
5957,5
5958,0
5959,3
5960,2
5966,3
5967,3
5968,5
5969,2
5970,2
5971,3
5972,2
5973,4
5974,2
5975,2
5976,2
5977,3
5979,0
5980,0
5983,1
5987,2
5988,1
5989,2
5990,6
5991,2
5994,1
5995,0
5996,0
5997,1
5998,10
6000,0
6001,1
6002,0
6003,0
6004,1
6005,1
6006,1
6007,1
6008,2
6009,2
6010,1
6011,0
6012,1
6013,0
6014,0
6015,0
6017,1
6018,3
6019,0
6020,0
6021,0
6022,0
6023,0
6024,3
6025,0
6026,1
6031,2
6036,1
6038,1
6042,1
6043,0
6044,0
6045,3
6046,0
6048,0
6051,0
6052,0
6056,0
6059,1
6060,0
6061,0
6062,0
6064,0
6065,0
6066,1
6069,0
6070,1
6071,4
6072,0
6074,0
6075,0
6076,0
6077,1
6079,0
6080,1
6082,1
6083,1
6090,0
6092,0
6093,0
6094,0
6096,0
6097,0
6098,0
6099,1
6100,2
6101,0
6102,0
6104,1
6106,2
6107,5
6108,0
6111,0
6112,0
6114,0
6116,0
6117,2
6118,0
6119,1
6120,0
6121,1
6122,1
6123,1
6124,1
6125,0
6126,2
6128,1
6130,2
6131,1
6132,1
6133,2
6134,3
6135,1
6136,0
6137,0
6138,0
6139,0
6140,0
6141,1
6142,0
6143,3
6144,2
6145,2
6146,1
6149,1
6150,1
6151,1
6152,3
6153,0
6154,1
6155,4
6156,5
6157,2
6158,0
6161,0
6162,1
6165,2
6166,0
6167,1
6168,0
6170,0
6171,2
6172,1
6173,0
6174,0
6175,1
6176,0
6177,1
6178,1
6179,0
6180,0
6181,2
6182,0
6183,0
6184,1
6185,0
6186,0
6187,2
6188,0
6189,3
6190,2
6191,0
6192,1
6198,0
6199,0
6200,0
6201,0
6203,1
6204,2
6205,1
6206,0
6207,0
6208,0
6209,1
6210,0
6211,2
6212,3
6213,0
6214,0
6215,2
6216,0
6217,2
6218,1
6219,2
6220,0
6221,0
6222,0
6226,0
6228,0
6233,0
6235,3
6236,0
6238,0
6239,0
6240,0
6241,0
6242,1
6243,1
6245,2
6246,0
6249,5
6250,0
6251,0
6260,0
6262,0
6263,4
6264,0
6265,0
6266,0
6267,0
6268,2
6269,2
6270,1
6271,0
6272,1
6273,0
6274,0
6275,0
6276,0
6277,0
6280,0
6281,0
6282,0
6283,0
6285,0
6286,1
6288,2
6289,3
6291,2
6292,0
6293,1
6294,3
6295,1
6296,1
6297,2
6299,0
6304,5
6305,1
6306,1
6308,0
6309,1
6310,1
6311,0
6312,1
6313,0
6314,0
6320,2
6321,1
6327,0
6328,0
6329,1
6330,4
6331,0
6332,2
6333,1
6334,1
6335,0
6336,4
6337,0
6339,2
6340,0
6341,0
6342,0
6343,1
6345,1
6347,10
6348,6
6350,1
6352,2
6356,1
6357,1
6358,2
6359,0
6360,2
6361,1
6367,0
6368,0
6369,0
6370,1
6371,1
6375,0
6376,0
6378,0
6379,1
6380,0
6381,0
6382,0
6388,1
6389,0
6390,1
6391,2
6393,1
6394,0
6395,0
6396,0
6397,0
6398,0
6399,0
6401,0
6402,0
6403,1
6404,0
6405,3
6406,1
6407,0
6408,0
6409,0
6410,2
6411,0
6412,0
6413,1
6414,0
6415,0
6416,0
6417,1
6418,0
6419,0
6420,0
6421,0
6423,0
6425,2
6428,0
6429,2
6430,0
6431,2
6432,0
6433,0
6434,1
6435,0
6436,0
6437,0
6438,0
6439,3
6440,0
6441,0
6442,0
6443,0
6444,0
6445,2
6446,1
6447,3
6448,2
6449,0
6450,0
6451,1
6452,1
6454,0
6455,0
6456,0
6459,0
6460,0
6461,0
6462,1
6463,1
6464,4
6465,0
6466,0
6467,1
6470,1
6473,0
6479,1
6480,2
6481,1
6482,0
6483,2
6489,4
6491,1
6492,0
6493,2
6496,1
6500,0
6502,1
6505,0
6506,0
6507,1
6508,1
6509,0
6510,1
6512,0
6514,1
6515,0
6516,1
6517,0
6518,0
6519,1
6520,1
6521,2
6522,1
6523,0
6524,9
6525,0
6526,0
6527,0
6528,0
6529,0
6530,4
6531,9
6532,0
6533,0
6534,1
6535,5
6536,2
6537,0
6538,1
6539,4
6540,0
6541,2
6542,0
6543,0
6544,0
6546,0
6547,2
6549,7
6550,0
6551,1
6552,1
6553,0
6554,1
6555,1
6557,0
6559,4
6560,0
6561,1
6562,0
6563,1
6564,0
6565,1
6566,1
6569,0
6570,1
6571,6
6572,11
6573,0
6574,5
6577,2
6578,1
6579,1
6580,0
6581,6
6582,3
6583,0
6584,1
6585,0
6586,1
6589,2
6590,7
6592,0
6593,1
6594,0
6595,3
6596,0
6597,1
6598,0
6599,0
6600,2
6601,0
6602,0
6603,0
6606,1
6607,3
6608,3
6609,0
6610,0
6611,0
6612,6
6613,0
6614,0
6615,0
6616,0
6617,0
6619,4
6620,1
6621,0
6622,4
6624,4
6625,0
6626,0
6627,0
6628,1
6629,1
6630,1
6631,0
6632,1
6633,0
6639,0
6640,0
6648,0
6649,0
6650,1
6651,0
6652,1
6653,1
6654,0
6655,0
6656,0
6657,1
6658,0
6659,0
6660,0
6661,0
6662,0
6663,0
6664,1
6665,0
6666,0
6667,0
6668,0
6669,0
6670,0
6672,0
6674,0
6675,0
6676,1
6677,0
6678,2
6679,0
6685,0
6686,0
6687,1
6690,0
6691,0
6694,0
6695,2
6696,0
6698,0
6701,1
6702,1
6703,0
6704,2
6705,2
6706,0
6707,0
6708,0
6709,1
6710,3
6711,0
6712,0
6713,0
6714,0
6715,1
6716,0
6717,1
6718,1
6719,3
6720,1
6721,0
6722,3
6724,5
6725,3
6726,0
6727,0
6728,3
6729,5
6732,0
6736,0
6737,1
6738,4
6739,0
6740,1
6741,0
6746,0
6747,1
6748,2
6749,2
6750,1
6751,0
6754,1
6760,0
6761,0
6764,2
6765,0
6766,2
6767,0
6768,1
6769,1
6770,2
6771,0
6772,0
6773,1
6780,0
6786,2
6787,0
6788,0
6789,7
6790,0
6791,0
6792,2
6793,0
6794,0
6798,0
6800,0
6801,3
6802,0
6804,0
6805,1
6809,0
6820,1
6821,3
6822,0
6823,0
6824,0
6825,0
6826,0
6827,5
6830,1
6831,0
6832,1
6833,0
6837,8
6838,0
6839,1
6841,0
6842,2
6843,0
6844,1
6845,3
6846,4
6850,1
6853,0
6857,6
6858,3
6860,3
6861,2
6862,5
6868,2
6869,4
6872,1
6873,2
6874,0
6882,2
6883,4
6884,0
6885,0
6886,0
6887,0
6888,0
6889,0
6890,2
6892,0
6893,0
6894,1
6895,0
6896,6
6897,5
6898,1
6899,0
6900,0
6901,0
6902,0
6903,0
6904,2
6905,2
6906,1
6907,0
6908,2
6910,0
6911,0
6912,0
6913,0
6914,1
6915,1
6924,1
6926,1
6927,3
6928,0
6929,4
6930,0
6931,3
6932,1
6933,1
6934,0
6935,0
6936,0
6937,0
6938,0
6939,0
6940,0
6941,0
6942,0
6943,0
6944,0
6945,0
6948,0
6949,2
6950,1
6951,2
6952,1
6953,0
6954,0
6955,2
6956,4
6958,1
6960,3
6961,3
6963,0
6964,0
6965,0
6967,3
6969,0
6973,0
6974,0
6975,11
6976,8
6977,9
6978,0
6979,0
6981,0
6984,0
6986,0
6987,2
6988,2
6989,0
6990,0
6994,0
6995,9
6996,0
6997,0
6998,0
6999,0
7000,0
7001,1
7002,0
7003,0
7004,0
7007,0
7016,5
7018,0
7019,1
7020,1
7021,2
7022,0
7023,1
7024,1
7025,1
7026,0
7027,1
7028,5
7029,1
7030,0
7031,0
7033,0
7034,0
7035,0
7037,0
7038,3
7040,0
7044,0
7045,0
7046,0
7047,4
7048,0
7049,2
7057,0
7058,1
7059,1
7061,1
7063,0
7064,0
7066,2
7067,6
7069,1
7071,2
7072,2
7076,5
7078,3
7079,1
7080,0
7081,0
7083,3
7090,4
7091,0
7092,2
7094,5
7095,4
7096,0
7097,6
7098,4
7099,3
7101,0
7102,1
7103,3
7104,0
7105,1
7106,3
7108,0
7109,0
7110,2
7111,0
7112,4
7113,0
7114,2
7120,1
7121,4
7123,3
7124,4
7125,0
7128,0
7129,1
7130,4
7131,3
7132,2
7133,0
7134,1
7136,2
7137,2
7138,2
7139,1
7142,1
7144,1
7150,7
7151,0
7153,1
7154,1
7155,0
7156,1
7157,0
7159,1
7160,0
7163,1
7164,2
7168,0
7170,0
7171,9
7174,0
7175,0
7177,1
7196,0
7197,0
7205,0
7206,0
7207,1
7208,0
7210,3
7212,2
7217,1
7218,1
7219,1
7220,4
7222,3
7224,0
7225,1
7226,1
7227,0
7228,0
7229,4
7230,0
7232,0
7233,0
7234,0
7236,9
7237,0
7238,0
7240,1
7243,0
7244,0
7245,0
7246,0
7247,0
7248,2
7249,0
7250,1
7251,1
7252,0
7254,1
7255,0
7256,0
7257,0
7258,0
7259,0
7263,2
7264,3
7265,2
7266,1
7267,0
7268,0
7269,0
7270,0
7271,2
7272,3
7273,0
7274,0
7275,5
7276,0
7277,3
7278,4
7280,1
7287,0
7288,7
7289,1
7290,0
7291,0
7292,0
7293,0
7294,0
7295,0
7297,1
7299,1
7302,1
7303,1
7304,1
7305,5
7307,0
7308,0
7309,0
7310,0
7311,2
7313,1
7319,3
7320,0
7321,3
7322,0
7331,0
7333,0
7335,2
7336,2
7337,3
7338,0
7340,2
7341,1
7348,3
7352,2
7353,0
7355,1
7357,1
7358,1
7360,0
7361,0
7363,0
7365,0
7367,0
7368,1
7369,0
7371,1
7372,3
7376,0
7377,0
7379,0
7380,3
7381,0
7382,0
7383,0
7384,0
7385,0
7386,1
7387,0
7388,3
7389,4
7390,2
7391,1
7392,0
7393,0
7394,0
7395,1
7396,0
7397,1
7398,1
7399,5
7400,1
7401,0
7402,1
7403,1
7404,2
7405,2
7406,0
7407,1
7408,0
7409,1
7410,0
7411,1
7412,0
7413,0
7414,2
7415,0
7416,0
7417,4
7418,0
7419,1
7420,0
7421,2
7422,0
7423,0
7424,0
7425,1
7426,1
7427,3
7428,0
7429,1
7430,2
7431,0
7432,1
7433,0
7435,0
7438,0
7440,0
7441,0
7442,0
7443,0
7444,1
7445,0
7446,1
7447,0
7448,0
7449,0
7450,0
7451,1
7452,4
7453,0
7454,3
7455,0
7456,1
7457,2
7458,1
7459,0
7460,0
7461,0
7462,1
7463,0
7464,1
7465,0
7466,4
7467,1
7468,0
7469,0
7470,0
7471,1
7472,1
7473,1
7474,2
7475,1
7476,2
7477,0
7478,0
7479,0
7480,0
7481,1
7482,0
7483,2
7484,0
7485,0
7486,0
7487,0
7488,0
7489,1
7490,7
7491,0
7493,6
7494,2
7495,3
7496,0
7498,0
7499,0
7500,0
7501,0
7502,1
7503,0
7504,0
7505,0
7507,4
7508,0
7509,5
7511,0
7513,3
7514,0
7515,2
7519,5
7527,0
7529,2
7535,0
7536,0
7537,1
7538,2
7539,2
7540,2
7541,1
7543,5
7544,0
7545,0
7547,0
7548,0
7549,3
7550,1
7551,2
7552,1
7553,1
7554,2
7555,0
7556,1
7557,1
7558,1
7559,4
7560,0
7561,1
7563,1
7564,0
7565,0
7567,1
7569,0
7570,1
7571,3
7572,0
7573,0
7574,0
7575,1
7576,1
7577,1
7578,3
7579,2
7581,2
7586,3
7588,0
7589,3
7590,0
7593,0
7594,1
7596,0
7597,0
7598,0
7599,2
7600,0
7601,0
7602,1
7603,1
7604,2
7605,1
7606,3
7607,0
7611,1
7612,1
7613,0
7614,0
7615,0
7617,0
7618,0
7619,2
7620,0
7621,1
7622,0
7624,0
7625,2
7627,0
7628,0
7629,1
7630,0
7631,1
7632,0
7633,0
7634,0
7635,0
7636,1
7637,0
7638,2
7639,1
7640,0
7641,0
7642,0
7643,0
7645,1
7646,0
7647,2
7648,0
7649,0
7650,2
7651,2
7652,0
7653,0
7654,0
7655,0
7656,0
7657,0
7658,1
7659,1
7660,0
7661,2
7662,0
7664,0
7665,2
7666,0
7667,0
7668,1
7669,0
7670,0
7671,0
7672,0
7673,0
7674,0
7675,1
7676,0
7677,0
7678,0
7679,0
7680,0
7681,0
7682,1
7683,1
7684,0
7685,0
7686,0
7687,1
7688,2
7689,1
7690,2
7691,1
7692,1
7693,0
7694,2
7695,1
7696,0
7697,0
7698,8
7699,1
7700,4
7701,0
7702,0
7703,2
7704,0
7705,1
7706,0
7707,1
7708,4
7710,2
7716,0
7718,0
7719,1
7720,1
7721,0
7723,0
7725,0
7726,1
7727,2
7728,2
7729,0
7730,0
7731,0
7732,0
7733,1
7734,0
7735,0
7736,0
7737,0
7738,0
7739,1
7742,0
7743,0
7744,1
7745,4
7746,0
7747,2
7748,1
7749,1
7750,2
7751,1
7752,1
7753,0
7754,0
7755,0
7756,1
7757,0
7758,2
7759,0
7760,2
7761,1
7762,0
7763,5
7764,0
7765,0
7766,1
7767,0
7768,4
7769,2
7770,0
7771,0
7772,0
7773,2
7774,0
7775,2
7776,0
7777,2
7778,0
7779,1
7780,0
7781,1
7782,0
7783,2
7784,0
7785,0
7786,5
7787,3
7788,3
7789,0
7791,0
7792,0
7793,0
7794,0
7795,0
7802,1
7803,0
7804,0
7805,0
7808,0
7809,0
7810,3
7814,1
7815,1
7816,0
7817,1
7818,0
7819,0
7820,0
7821,0
7823,1
7824,0
7825,0
7826,0
7827,8
7828,0
7829,0
7830,0
7831,4
7832,1
7833,1
7834,0
7835,0
7836,0
7837,0
7838,0
7839,2
7841,6
7842,3
7844,0
7845,2
7846,2
7847,1
7848,7
7849,0
7850,0
7851,3
8850,4
8851,0
8852,3
8853,0
8854,4
8857,2
8858,1
8859,0
8861,0
8864,1
8865,1
8867,1
8868,1
8869,1
8870,1
8871,1
8872,0
8873,0
8875,1
8876,1
8877,0
8878,2
8879,0
8880,1
8881,0
8882,5
8883,2
8884,1
8885,0
8886,0
8887,1
8888,1
8889,0
8890,2
8891,0
8892,0
8893,5
8894,0
8895,0
8896,7
8897,4
8898,3
8899,0
8900,2
8901,0
8902,0
8903,0
8904,3
8905,1
8906,1
8907,0
8908,1
8909,0
8910,1
8912,0
8913,0
8914,1
8915,5
8916,2
8917,0
8918,1
8921,2
8922,1
8923,0
8924,0
8925,0
8927,5
8928,0
8929,2
8930,0
8931,0
8933,1
8934,1
8935,0
8936,0
8937,0
8938,1
8939,0
8940,0
8941,1
8943,2
8944,0
8945,0
8946,0
8947,0
8948,0
8949,0
8950,0
8951,0
8952,0
8953,11
8954,0
8955,2
8956,0
8957,0
8958,0
8959,1
8960,0
8961,0
8962,0
8963,0
8964,0
8965,0
8967,1
8968,1
8969,1
8970,2
8971,2
8972,1
8973,0
8974,0
8975,0
8976,0
8977,0
8978,1
8979,0
8980,1
8981,0
8982,1
8983,0
8985,1
8986,3
8987,0
8988,0
8989,4
8990,19
8991,0
8992,2
8993,0
8994,7
8995,0
8997,7
8998,1
8999,4
9000,0
9001,0
9002,0
9004,2
9005,1
9006,5
9008,2
9009,0
9011,1
9012,0
9013,0
9014,0
9015,1
9016,0
9017,2
9018,0
9019,0
9020,1
9021,0
9022,1
9023,0
9024,1
9025,0
9026,0
9028,1
9037,4
9039,2
9040,0
9041,0
9042,0
9046,0
9047,0
9048,1
9049,0
9050,2
9051,0
9052,0
9053,1
9054,0
9055,0
9056,0
9057,0
9058,0
9059,6
9061,0
9062,0
9063,0
9064,5
9065,0
9066,0
9067,3
9068,0
9069,1
9070,0
9071,0
9072,0
9073,0
9074,3
9075,0
9076,1
9077,0
9078,1
9079,3
9080,0
9081,0
9082,1
9083,0
9084,1
9085,0
9086,1
9087,0
9088,1
9089,0
9090,0
9091,0
9092,1
9093,0
9094,0
9095,0
9096,1
9097,0
9098,0
9099,0
9100,0
9102,7
9104,2
9106,1
9108,0
9109,2
9110,4
9111,2
9112,2
9113,1
9114,0
9115,0
9116,1
9117,2
9118,3
9119,0
9120,0
9121,0
9122,0
9123,2
9124,1
9125,2
9126,4
9127,0
9128,0
9129,0
9130,7
9131,0
9132,0
9133,0
9134,0
9135,0
9136,0
9137,0
9138,2
9139,0
9140,0
9142,3
9143,5
9144,1
9146,1
9147,0
9148,0
9149,8
9150,0
9151,0
9152,1
9153,1
9154,1
9155,1
9156,1
9157,0
9158,0
9159,0
9161,0
9163,0
9164,0
9165,0
9166,0
9167,0
9168,0
9169,0
9170,1
9171,0
9172,1
9173,3
9174,1
9175,0
9176,1
9177,0
9178,1
9184,0
9185,1
9187,0
9188,0
9189,0
9190,2
9192,1
9193,0
9194,3
9195,1
9196,0
9197,0
9198,0
9200,0
9201,0
9202,0
9203,0
9204,0
9205,2
9206,1
9207,3
9208,1
9209,1
9211,0
9212,0
9213,0
9214,0
9215,0
9216,0
9219,0
9220,0
9221,0
9223,0
9224,2
9225,0
9226,1
9229,0
9233,0
9234,0
9235,0
9237,0
9238,0
9239,0
9240,0
9241,0
9242,0
9243,0
9244,0
9245,0
9246,0
9247,0
9248,1
9249,0
9252,0
9253,0
9254,0
9255,0
9256,0
9257,3
9259,0
9260,0
9261,0
9262,1
9263,0
9264,0
9265,2
9266,0
9267,0
9268,0
9269,0
9270,0
9271,5
9272,3
9274,0
9275,4
9276,0
9277,1
9278,3
9283,0
9284,0
9285,2
9286,4
9287,1
9288,0
9289,0
9291,2
9292,0
9293,1
9294,3
9295,1
9296,0
9297,0
9300,0
9301,0
9302,2
9304,0
9306,0
9314,1
9316,1
9317,2
9318,2
9321,0
9322,0
9323,2
9324,0
9327,6
9328,0
9330,2
9331,0
9332,6
9333,0
9334,0
9335,0
9337,0
9339,0
9340,1
9341,0
9342,0
9343,9
9344,2
9346,1
9347,1
9348,0
9350,1
9351,1
9352,0
9353,3
9354,0
9355,2
9356,0
9361,2
9362,0
9363,1
9365,1
9366,0
9367,0
9368,0
9369,0
9370,0
9371,1
9372,0
9373,1
9375,0
9376,2
9377,1
9378,2
9379,1
9380,0
9381,0
9382,0
9383,0
9384,0
9385,2
9386,2
9387,1
9388,1
9389,0
9390,0
9393,0
9394,1
9395,1
9396,3
9398,0
9399,1
9400,1
9401,0
9403,1
9406,3
9407,0
9410,1
9411,0
9412,1
9413,0
9414,0
9415,4
9416,5
9417,0
9418,4
9420,0
9421,0
9423,4
9425,2
9426,0
9427,1
9428,0
9429,0
9430,0
9431,0
9432,1
9433,0
9434,0
9437,0
9438,0
9439,0
9442,0
9444,0
9447,4
9448,0
9449,0
9450,0
9451,2
9452,0
9453,0
9454,0
9455,0
9456,3
9457,0
9458,0
9459,1
9461,4
9462,2
9463,2
9464,2
9465,3
9466,1
9467,2
9470,6
9471,0
9472,0
9473,0
9474,2
9475,0
9476,4
9477,0
9478,0
9479,0
9480,0
9481,0
9482,0
9483,0
9484,0
9485,2
9486,6
9487,4
9488,1
9489,1
9490,0
9491,0
9492,2
9495,0
9496,4
9501,1
9502,5
9503,10
9504,2
9505,1
9506,0
9507,0
9508,3
9509,2
9510,2
9511,3
9512,3
9513,1
9514,5
9516,0
9517,0
9518,0
9519,0
9520,0
9521,0
9522,0
9523,0
9524,0
9525,1
9526,0
9533,3
9534,1
9535,0
9536,0
9537,0
9538,1
9539,0
9540,0
9541,3
9547,4
9548,2
9549,3
9552,4
9553,0
9554,0
9556,0
9558,1
9559,0
9560,0
9561,2
9562,3
9563,1
9564,2
9565,0
9566,2
9567,1
9568,0
9573,1
9574,0
9576,0
9578,0
9579,0
9580,0
9581,0
9582,0
9583,0
9584,0
9585,0
9586,1
9587,1
9588,0
9589,0
9590,0
9598,1
9599,0
9600,0
9601,0
9602,1
9603,0
9604,0
9611,4
9618,2
9625,0
9627,0
9630,1
9631,0
9632,0
9633,0
9634,0
9636,1
9637,0
9638,0
9639,0
9640,0
9641,0
9642,0
9643,1
9644,1
9649,0
9650,0
9653,1
9656,0
9657,2
9658,0
9659,2
9660,0
9661,0
9662,0
9668,2
9670,3
9671,0
9672,6
9673,0
9685,2
9686,0
9687,0
9688,0
9689,0
9690,0
9691,1
9692,0
9695,0
9696,0
9697,1
9698,1
9699,3
9700,2
9701,0
9702,0
9703,2
9705,1
9706,0
9707,0
9708,2
9709,2
9710,2
9711,0
9712,0
9713,0
9714,0
9715,0
9716,0
9717,0
9719,0
9720,0
9721,0
9722,0
9723,6
9724,0
9725,0
9726,0
9728,1
9729,0
9730,0
9731,2
9732,1
9733,3
9734,2
9735,1
9736,0
9737,2
9738,0
9739,0
9740,2
9741,1
9742,7
9744,0
9745,0
9746,2
9747,0
9748,0
9749,1
9750,1
9751,1
9752,0
9753,6
9755,2
9756,4
9757,1
9758,0
9759,1
9760,0
9761,2
9762,0
9763,0
9764,0
9765,1
9766,2
9767,1
9768,0
9769,2
9771,1
9772,1
9774,0
9775,0
9776,4
9777,3
9778,0
9779,2
9780,0
9781,0
9782,0
9784,2
9785,0
9786,2
9787,4
9788,0
9789,0
9790,7
9791,2
9792,0
9793,0
9794,0
9795,0
9796,0
9797,0
9798,2
9799,1
9800,0
9801,1
9802,1
9803,0
9804,0
9805,3
9806,1
9807,0
9808,2
9809,0
9810,0
9811,3
9812,6
9813,8
9814,3
9820,0
9821,1
9822,0
9823,0
9837,0
9838,0
9839,0
9840,1
9841,1
9842,1
9843,2
9844,2
9845,2
9847,0
9854,2
9865,0
9867,3
9868,2
9869,2
9872,0
9873,0
9874,0
9875,1
9877,0
9878,1
9879,0
9880,1
9881,0
9882,1
9883,1
9884,11
9885,0
9886,1
9887,0
9888,0
9889,1
9890,0
9891,0
9892,0
9893,2
9894,0
9895,0
9896,5
9897,0
9898,2
9899,0
9900,0
9901,2
9902,0
9903,4
9904,1
9905,0
9906,1
9907,1
9908,0
9909,3
9910,0
9911,1
9912,0
9913,0
9917,0
9918,4
9919,3
9920,1
9921,0
9922,2
9923,0
9924,0
9925,0
9926,1
9927,0
9930,0
9931,1
9932,2
9933,2
9934,3
9935,3
9936,4
9938,0
9939,0
9940,0
9941,1
9942,2
9943,3
9944,0
9945,0
9946,0
9947,1
9948,1
9949,0
9950,0
9951,0
9952,0
9953,0
9954,0
9955,3
9956,0
9958,0
9965,0
9966,0
9967,1
9968,0
9969,1
9970,2
9972,0
9973,1
9974,0
9975,1
9976,0
9978,0
9979,1
9980,3
9982,0
9983,0
9984,3
9985,1
9986,1
9987,4
9988,1
9989,0
9990,0
9991,0
9995,0
9996,5
9997,0
9998,0
9999,0
10000,6
10001,0
10002,3
10003,0
10005,0
10006,0
10007,0
10008,1
10009,5
10010,0
10011,0
10012,0
10013,0
10014,1
10015,0
10016,1
10017,1
10018,0
10019,2
10020,0
10021,1
10022,1
10023,0
10024,0
10025,0
10026,0
10027,1
10028,0
10030,1
10031,2
10032,3
10033,0
10034,0
10035,0
10037,0
10038,2
10039,1
10040,1
10042,2
10043,0
10044,0
10046,0
10047,2
10048,3
10049,0
10050,0
10051,2
10052,1
10053,0
10054,2
10055,2
10056,0
10057,0
10058,0
10059,1
10060,0
10061,2
10062,1
10063,0
10065,0
10066,0
10067,0
10068,2
10069,2
10070,0
10071,0
10072,0
10073,3
10074,0
10075,0
10076,0
10077,0
10078,0
10079,3
10080,1
10082,0
10083,2
10084,0
10085,2
10086,0
10089,0
10090,0
10091,1
10099,0
10103,0
10104,0
10105,4
10108,0
10109,0
10110,0
10111,0
10112,0
10113,0
10114,1
10115,4
10116,0
10117,0
10118,3
10119,1
10120,0
10121,1
10122,0
10123,0
10124,0
10125,0
10126,0
10127,0
10128,1
10129,0
10130,0
10131,0
10132,0
10133,1
10134,0
10135,0
10136,0
10137,0
10138,0
10139,1
10140,0
10141,0
10142,0
10143,0
10144,0
10145,0
10146,0
10147,0
10148,0
10149,0
10150,0
10151,1
10152,1
10153,0
10154,0
10155,3
10170,0
10173,0
10183,0
10184,1
10185,2
10186,1
10187,0
10188,0
10189,6
10190,4
10193,0
10195,0
10196,0
10197,0
10198,3
10199,0
10200,0
10201,0
10202,0
10203,1
10204,0
10206,1
10207,0
10208,0
10209,1
10210,0
10211,2
10212,3
10213,1
10214,0
10215,1
10216,0
10217,0
10218,0
10219,1
10220,0
10221,0
10222,1
10223,0
10224,4
10229,0
10230,0
10231,1
10232,1
10233,0
10234,3
10237,0
10238,0
10239,1
10240,0
10241,0
10242,2
10243,0
10244,0
10245,0
10247,0
10248,0
10249,2
10251,1
10252,0
10253,0
10254,0
10255,0
10256,0
10257,0
10258,0
10259,0
10260,1
10261,1
10262,1
10263,2
10265,0
10266,2
10267,2
10268,1
10269,0
10271,0
10273,0
10274,1
10276,0
10277,2
10278,1
10279,0
10280,1
10281,3
10282,0
10284,0
10285,0
10286,0
10287,0
10288,0
10289,0
10290,0
10291,1
10292,0
10293,0
10294,1
10295,0
10296,2
10297,0
10299,0
10301,3
10302,1
10303,1
10304,1
10305,1
10306,0
10307,1
10308,0
10310,0
10311,1
10312,0
10313,1
10314,2
10316,0
10317,2
10318,1
10319,0
10320,1
10321,7
10322,0
10323,3
10324,0
10326,0
10327,0
10328,0
10329,0
10330,3
10332,2
10333,2
10334,2
10335,3
10336,0
10337,0
10338,1
10339,0
10340,1
10342,1
10343,1
10344,0
10345,0
10346,2
10347,3
10348,0
10349,3
10350,5
10351,2
10352,2
10353,0
10356,0
10357,1
10358,0
10359,1
10363,0
10364,0
10365,0
10367,0
10368,0
10369,0
10370,0
10371,2
10372,0
10373,0
10374,0
10375,2
10376,1
10377,0
10378,0
10379,1
10380,0
10381,2
10382,0
10383,0
10406,2
10407,0
10408,2
10409,2
10411,0
10412,1
10413,0
10429,2
10431,1
10432,0
10434,2
10435,1
10436,1
10437,0
10438,1
10439,1
10440,2
10441,0
10443,0
10444,3
10445,0
10446,2
10447,1
10448,0
10450,0
10451,0
10452,0
10453,1
10454,1
10455,0
10456,1
10457,1
10458,0
10459,0
10460,0
10461,0
10462,2
10464,3
10465,0
10466,0
10481,1
10494,0
10497,0
10498,6
10499,1
10500,2
10501,0
10502,0
10503,0
10504,0
10505,0
10506,0
10507,1
10508,0
10509,0
10510,8
10511,6
10512,3
10513,4
10514,4
10515,0
10516,1
10518,0
10519,2
10520,1
10521,1
10522,0
10523,0
10524,0
10525,0
10526,1
10527,0
10528,0
10529,0
10530,0
10531,0
10532,0
10533,0
10534,2
10535,1
10536,3
10537,3
10538,0
10539,6
10540,1
10541,0
10542,0
10543,0
10544,2
10546,0
10547,0
10548,4
10551,0
10552,0
10557,0
10559,0
10562,0
10568,0
10569,1
10570,1
10571,0
10572,1
10573,0
10580,3
10584,0
10585,0
10586,0
10587,0
10590,0
10592,0
10593,0
10594,0
10596,0
10597,0
10598,0
10599,0
10601,4
10602,2
10603,1
10604,1
10605,0
10606,3
10607,0
10608,3
10609,4
10612,1
10614,1
10615,0
10621,1
10622,2
10624,2
10626,1
10627,0
10635,1
10636,0
10637,0
10638,0
10639,1
10640,0
10641,0
10642,2
10643,0
10644,2
10645,6
10646,0
10647,0
10648,1
10649,1
10650,2
10651,0
10652,0
10653,0
10654,0
10655,0
10656,6
10658,0
10659,0
10660,0
10661,0
10662,0
10663,0
10664,1
10665,2
10666,2
10667,3
10668,1
10669,0
10670,0
10672,0
10673,0
10674,2
10675,0
10676,0
10677,2
10678,0
10679,1
10680,3
10681,2
10682,4
10683,0
10685,0
10686,0
10687,1
10688,1
10689,1
10690,0
10691,0
10693,1
10695,2
10700,0
10701,1
10702,0
10703,1
10704,1
10705,0
10709,3
10710,1
10711,1
10712,1
10713,0
10714,1
10716,0
10718,1
10720,1
10721,1
10722,1
10723,0
10724,3
10725,1
10726,1
10727,1
10728,0
10729,0
10731,0
10732,1
10733,0
10736,0
10737,0
10739,0
10740,0
10741,0
10742,0
10743,0
10744,2
10745,0
10746,3
10747,2
10748,3
10749,0
10750,3
10751,0
10752,2
10753,0
10761,0
10762,1
10767,1
10768,0
10769,1
10770,0
10771,1
10772,1
10773,1
10774,0
10775,0
10776,0
10777,1
10778,2
10779,2
10780,1
10781,1
10783,0
10785,2
10786,1
10787,1
10788,0
10789,0
10790,0
10791,0
10792,0
10793,0
10795,1
10797,0
10798,0
10799,2
10800,2
10801,0
10802,2
10803,0
10804,0
10805,0
10806,0
10807,0
10808,2
10809,0
10810,0
10811,0
10812,0
10813,0
10814,0
10815,2
10816,6
10817,1
10818,5
10819,3
10820,0
10821,3
10822,2
10823,3
10826,3
10828,5
10831,2
10835,0
10836,0
10837,0
10838,1
10842,2
10843,0
10844,1
10847,2
10848,1
10849,2
10850,0
10851,1
10852,0
10853,1
10854,0
10855,0
10856,0
10859,1
10860,2
10861,0
10862,0
10863,0
10864,0
10865,0
10866,2
10869,0
10870,0
10871,9
10872,8
10873,0
10874,0
10875,1
10876,0
10877,0
10878,0
10879,0
10881,1
10882,2
10883,0
10884,4
10885,0
10886,10
10887,1
10896,0
10898,1
10900,0
10903,0
10904,0
10905,0
10906,7
10907,1
10908,1
10909,0
10910,0
10911,2
10912,1
10915,0
10916,2
10919,1
10920,1
10922,1
10925,0
10926,0
10928,1
10929,0
10930,0
10931,2
10933,0
10934,0
10935,0
10936,0
10948,0
10949,0
10950,0
10951,0
10960,0
10961,0
10963,0
10964,0
10965,0
10966,2
10968,0
10971,0
10972,1
10973,0
10974,0
10975,0
10978,0
10979,0
10980,0
10981,0
10983,2
10986,0
10991,0
10993,3
10994,1
10996,1
10997,0
10998,0
10999,0
11000,0
11001,0
11002,0
11004,1
11005,0
11006,0
11008,0
11009,4
11010,2
11011,0
11015,0
11017,1
11020,1
11021,1
11022,3
11023,2
11027,0
11028,0
11031,0
11032,1
11034,0
11035,5
11036,2
11037,0
11038,0
11039,1
11040,0
11041,2
11042,0
11043,0
11044,7
11045,1
11046,0
11047,0
11048,0
11049,1
11050,1
11057,5
11058,0
11059,0
11060,1
11061,4
11064,1
11065,0
11066,0
11069,1
11070,4
11071,0
11072,0
11073,0
11074,0
11075,3
11076,1
11077,0
11078,2
11079,2
11080,2
11081,1
11082,0
11083,0
11084,0
11085,1
11086,1
11089,0
11090,0
11091,0
11092,1
11093,0
11094,0
11095,0
11096,0
11097,0
11098,0
11104,1
11107,1
11108,0
11109,0
11110,0
11111,0
11112,0
11113,0
11114,0
11115,0
11116,0
11117,1
11118,1
11119,1
11120,0
11123,0
11124,2
11125,2
11126,1
11136,0
11137,1
11139,4
11140,2
11141,0
11142,1
11143,1
11144,1
11145,0
11146,0
11147,0
11148,0
11149,1
11150,0
11151,0
11152,0
11153,0
11154,1
11155,1
11156,0
11157,0
11158,0
11160,0
11161,0
11162,0
11163,0
11164,0
11165,0
11166,3
11167,1
11169,0
11170,2
11171,1
11172,0
11173,0
11174,0
11176,1
11177,4
11178,2
11179,1
11180,1
11181,0
11182,0
11183,0
11185,2
11186,2
11187,0
11188,0
11189,1
11191,0
11192,0
11195,2
11196,0
11197,0
11199,1
11200,0
11201,0
11202,0
11203,0
11204,0
11205,0
11206,0
11207,0
11210,0
11212,0
11214,0
11216,0
11218,0
11219,0
11221,0
11222,14
11223,4
11224,0
11225,1
11226,1
11228,1
11230,0
11231,0
11232,0
11233,1
11234,0
11235,0
11236,1
11238,1
11239,0
11240,0
11242,0
11243,0
11244,0
11245,1
11246,0
11247,0
11248,0
11249,0
11250,1
11251,1
11252,0
11255,0
11256,0
11257,0
11261,2
11262,0
11263,1
11265,0
11266,1
11267,3
11268,1
11269,3
11270,0
11271,0
11272,0
11273,3
11274,0
11275,0
11276,2
11278,0
11279,2
11280,2
11282,5
11286,1
11287,1
11289,0
11290,0
11292,1
11294,6
11295,5
11297,0
11300,0
11305,0
11306,3
11307,0
11308,2
11309,1
11310,1
11311,2
11312,0
11313,0
11314,2
11315,0
11316,3
11317,0
11318,0
11320,0
11322,0
11323,1
11324,2
11325,1
11326,0
11327,0
11328,0
11329,4
11330,0
11331,1
11332,0
11333,2
11334,0
11336,1
11338,1
11339,0
11340,2
11341,2
11342,1
11343,1
11344,1
11346,2
11347,3
11348,1
11349,0
11350,0
11351,0
11352,3
11353,0
11354,3
11361,1
11362,0
11363,0
11364,0
11366,0
11367,0
11368,0
11369,2
11371,0
11375,0
11376,0
11377,0
11378,0
11379,2
11380,1
11381,0
11382,1
11383,0
11384,0
11386,0
11388,0
11389,1
11390,1
11391,3
11393,0
11394,0
11395,0
11396,3
11398,1
11399,1
11401,0
11402,1
11403,0
11404,0
11405,0
11406,0
11407,0
11408,0
11409,0
11410,0
11411,0
11412,1
11413,2
11414,1
11415,0
11416,0
11417,0
11418,2
11419,0
11420,0
11421,0
11422,0
11424,2
11425,0
11426,1
11427,0
11428,1
11429,1
11430,3
11431,1
11432,2
11433,1
11434,0
11435,3
11436,0
11437,2
11438,1
11439,1
11440,0
11441,0
11442,0
11443,0
11444,0
11447,0
11448,0
11449,0
11450,0
11452,0
11456,1
11458,0
11459,1
11461,1
11462,0
11463,1
11464,2
11465,0
11466,0
11467,0
11468,0
11469,1
11470,0
11471,0
11472,1
11473,0
11475,0
11476,0
11477,0
11478,1
11479,0
11480,1
11481,1
11482,1
11483,1
11484,3
11485,2
11486,2
11487,0
11488,4
11489,0
11490,0
11491,1
11492,1
11493,2
11494,1
11495,0
11496,0
11498,0
11499,1
11500,0
11501,0
11502,0
11503,0
11508,0
11509,2
11511,1
11512,2
11513,0
11514,0
11516,0
11517,0
11518,0
11519,1
11520,0
11521,1
11522,0
11523,3
11524,0
11525,0
11526,1
11527,0
11528,1
11529,0
11530,0
11532,0
11533,0
11534,0
11535,0
11536,0
11537,0
11538,0
11539,0
11540,0
11541,0
11542,0
11543,0
11544,0
11545,0
11546,0
11547,0
11548,0
11552,0
11554,1
11555,0
11556,0
11557,0
11558,0
11559,0
11560,1
11562,1
11563,0
11564,4
11565,0
11566,0
11567,1
11568,1
11572,7
11573,1
11574,0
11576,2
11577,1
11578,4
11580,0
11581,0
11582,0
11584,0
11585,0
11586,0
11587,1
11589,0
11590,1
11591,1
11592,1
11593,3
11595,0
11597,1
11600,2
11601,1
11602,1
11603,1
11604,2
11605,0
11607,1
11608,1
11609,0
11610,1
11612,1
11613,1
11616,1
11617,0
11619,0
11623,1
11624,0
11631,1
11632,0
11635,0
11637,0
11639,1
11640,0
11642,0
11643,0
11645,0
11646,0
11647,1
11648,1
11649,0
11650,0
11651,2
11652,0
11653,0
11654,0
11655,0
11656,0
11657,0
11659,0
11660,3
11661,1
11662,1
11663,0
11664,0
11665,6
11666,1
11668,8
11669,2
11670,0
11671,0
11673,0
11674,0
11675,0
11676,2
11677,2
11678,0
11680,2
11681,0
11683,1
11684,2
11685,0
11686,0
11687,1
11688,0
11690,0
11691,1
11692,0
11693,1
11694,0
11695,0
11696,0
11697,3
11698,1
11699,0
11700,1
11701,0
11702,1
11703,0
11704,0
11705,4
11706,2
11707,0
11708,0
11709,3
11710,2
11711,1
11712,1
11713,0
11714,1
11715,5
11717,0
11719,0
11720,3
11721,3
11722,0
11723,0
11724,0
11725,0
11726,0
11727,1
11728,0
11729,0
11730,1
11731,2
11732,5
11733,0
11734,1
11736,0
11738,1
11739,0
11740,0
11741,0
11742,0
11744,1
11745,1
11746,2
11747,2
11748,1
11749,0
11751,0
11752,0
11753,0
11754,0
11755,0
11756,0
11757,0
11758,0
11759,0
11760,0
11761,1
11762,0
11763,1
11764,0
11765,1
11767,0
11768,0
11769,0
11770,0
11771,0
11773,3
11791,0
11792,0
11793,3
11798,0
11799,0
11800,0
11801,1
11802,0
11803,12
11813,0
11814,0
11815,6
11816,0
11817,4
11828,0
11829,0
11831,0
11834,1
11835,0
11838,1
11841,1
11842,0
11843,0
11846,0
11847,1
11849,4
11850,0
11851,0
11852,1
11853,3
11854,1
11855,0
11856,0
11857,0
11858,0
11859,1
11861,5
11862,3
11863,0
11864,0
11869,0
11870,0
11876,1
11880,0
11881,0
11882,0
11883,0
11884,0
11885,3
11886,2
11887,0
11888,0
11889,1
11890,7
11896,0
11898,0
11899,0
11900,0
11901,0
11902,0
11903,0
11904,1
11905,0
11906,0
11907,0
11909,0
11910,0
11911,1
11912,0
11913,0
11914,0
11916,1
11917,0
11918,1
11919,0
11921,0
11922,2
11924,0
11925,0
11929,0
11930,0
11931,0
11932,0
11933,0
11934,0
11935,0
11936,1
11938,0
11939,0
11940,3
11941,1
11942,2
11943,0
11945,1
11946,0
11947,0
11948,0
11949,0
11950,0
11951,0
11952,1
11953,0
11954,0
11955,0
11956,0
11957,1
11958,0
11960,1
11962,0
11963,2
11967,0
11969,0
11970,1
11971,0
11972,0
11974,3
11975,0
11976,1
11977,0
11979,0
11980,0
11981,0
11982,0
11983,0
11984,0
11985,1
11986,0
11987,1
11989,1
11990,0
11991,0
11993,0
11994,0
11995,0
11996,1
11997,0
11998,1
11999,0
12001,1
12002,7
12003,0
12004,3
12005,0
12006,0
12008,0
12009,1
12010,1
12012,0
12013,0
12015,1
12016,0
12017,1
12018,0
12019,0
12020,0
12021,2
12022,0
12023,0
12024,2
12025,0
12027,5
12028,0
12029,0
12030,2
12031,0
12032,0
12033,5
12034,0
12035,0
12039,0
12040,0
12041,0
12042,1
12043,1
12044,1
12045,1
12046,0
12047,0
12048,0
12049,0
12050,0
12051,0
12052,0
12053,0
12054,1
12055,2
12056,1
12057,0
12058,1
12059,0
12060,4
12061,0
12062,0
12063,2
12064,0
12065,0
12066,0
12067,0
12068,5
12069,5
12070,1
12071,0
12072,3
12073,3
12074,0
12075,0
12076,0
12077,0
12078,0
12079,0
12080,0
12081,0
12082,1
12083,0
12086,1
12087,2
12088,0
12089,0
12090,0
12091,0
12092,1
12095,1
12096,9
12097,3
12098,3
12099,0
12101,1
12102,1
12103,5
12104,1
12105,0
12107,0
12108,3
12109,0
12110,3
12111,2
12112,0
12113,1
12114,2
12115,0
12116,0
12117,2
12119,1
12120,0
12121,1
12122,0
12125,0
12127,0
12128,0
12129,1
12130,1
12136,1
12137,0
12142,0
12143,0
12144,2
12145,1
12146,2
12147,7
12148,0
12150,1
12151,1
12152,0
12153,0
12154,0
12155,2
12156,0
12157,0
12158,0
12159,2
12160,0
12161,0
12162,1
12163,0
12165,0
12169,1
12171,0
12172,0
12173,1
12174,0
12176,0
12177,3
12178,0
12179,0
12180,5
12183,2
12184,1
12185,0
12186,1
12187,1
12188,0
12189,0
12190,0
12191,0
12192,0
12193,1
12194,1
12195,1
12197,1
12198,0
12199,0
12200,0
12201,1
12202,0
12203,1
12204,1
12205,0
12206,0
12207,9
12210,3
12212,0
12213,0
12215,0
12219,1
12220,0
12221,0
12222,1
12223,1
12225,0
12226,0
12229,0
12230,1
12232,0
12233,1
12234,0
12235,0
12236,0
12237,0
12238,0
12239,0
12240,0
12241,3
12242,3
12243,1
12244,2
12245,0
12246,0
12247,0
12249,0
12250,1
12251,0
12252,0
12253,0
12254,2
12255,1
12256,0
12257,0
12259,0
12263,0
12267,0
12268,1
12269,1
12270,1
12271,3
12272,1
12273,0
12274,2
12275,1
12276,2
12277,1
12278,4
12279,0
12280,1
12282,1
12283,3
12284,2
12285,2
12286,0
12287,0
12289,0
12291,4
12292,0
12293,1
12294,6
12295,0
12296,2
12297,1
12298,1
12299,0
12300,0
12301,0
12302,0
12303,0
12304,0
12305,0
12306,0
12307,0
12308,0
12309,0
12310,0
12311,0
12312,0
12313,0
12314,0
12315,0
12316,0
12317,0
12318,1
12320,4
12323,2
12325,1
12326,4
12327,3
12329,0
12332,0
12336,3
12337,0
12338,0
12339,0
12340,0
12341,1
12342,1
12343,0
12344,0
12345,0
12346,0
12347,0
12349,0
12350,0
12351,0
12352,0
12353,0
12354,1
12355,0
12356,0
12357,0
12358,0
12359,1
12360,1
12361,2
12362,0
12363,1
12364,1
12365,1
12368,0
12369,0
12370,0
12371,0
12372,0
12373,0
12374,0
12375,0
12376,0
12377,0
12378,6
12379,0
12380,0
12381,0
12382,0
12383,0
12384,0
12385,0
12386,3
12387,0
12388,1
12389,2
12390,0
12391,0
12392,1
12393,1
12394,3
12395,0
12396,0
12397,1
12398,1
12399,0
12400,5
12401,0
12403,2
12404,0
12405,0
12406,0
12407,1
12408,1
12409,1
12410,2
12411,1
12412,0
12413,3
12414,2
12416,0
12417,0
12418,0
12419,0
12420,0
12421,0
12422,1
12423,1
12424,1
12428,2
12431,0
12434,0
12435,0
12436,0
12437,1
12438,7
12442,0
12443,7
12444,1
12446,1
12447,2
12448,2
12449,0
12450,1
12451,0
12452,0
12453,0
12454,0
12455,6
12456,1
12457,4
12458,0
12459,1
12460,0
12461,0
12462,0
12463,1
12464,0
12465,0
12466,0
12467,2
12468,0
12469,0
12470,1
12471,0
12472,0
12473,0
12474,4
12475,0
12476,0
12477,1
12479,1
12480,0
12481,0
12482,2
12483,0
12484,2
12485,0
12486,2
12487,0
12488,0
12489,1
12493,2
12494,1
12495,1
12496,0
12497,0
12498,3
12499,0
12504,1
12505,0
12507,2
12508,0
12509,0
12510,0
12511,1
12512,0
12513,0
12514,2
12518,0
12520,0
12521,8
12522,0
12523,0
12524,6
12526,5
12527,0
12528,3
12529,0
12531,0
12532,1
12533,2
12534,6
12535,3
12536,0
12537,0
12538,3
12539,1
12540,0
12542,0
12543,0
12544,0
12545,1
12546,0
12549,0
12550,4
12551,0
12554,0
12555,2
12556,0
12557,2
12558,15
12560,0
12561,0
12562,1
12563,0
12564,0
12565,0
12566,0
12567,0
12568,0
12569,0
12570,0
12571,5
12572,0
12573,0
12574,0
12575,0
12576,1
12577,0
12579,5
12580,0
12581,0
12582,1
12583,0
12584,0
12585,0
12586,0
12587,0
12588,1
12589,0
12590,2
12591,0
12592,1
12594,3
12595,0
12596,0
12597,1
12598,0
12599,1
12600,1
12601,2
12602,0
12603,0
12604,0
12606,0
12607,0
12608,2
12609,0
12610,0
12611,0
12612,0
12613,0
12615,0
12616,0
12617,2
12618,0
12619,0
12620,0
12621,0
12622,1
12623,2
12624,1
12625,3
12626,0
12627,0
12628,1
12630,0
12633,1
12634,0
12635,0
12636,1
12638,0
12639,2
12640,0
12641,0
12644,1
12645,1
12646,0
12647,0
12649,3
12650,0
12651,0
12652,2
12657,0
12658,4
12660,0
12661,0
12662,0
12663,0
12664,1
12665,0
12666,1
12667,0
12668,0
12669,1
12670,0
12671,0
12672,1
12674,1
12675,0
12676,0
12677,0
12678,0
12679,0
12680,0
12681,0
12682,0
12683,0
12684,1
12685,0
12686,1
12687,0
12688,0
12689,0
12690,3
12691,3
12692,0
12693,1
12710,0
12721,2
12722,3
12723,1
12724,0
12726,0
12727,0
12729,3
12730,0
12733,0
12734,0
12735,0
12736,0
12737,0
12738,1
12739,0
12740,0
12741,0
12742,0
12743,0
12744,0
12745,0
12746,2
12747,1
12748,0
12749,1
12750,0
12751,0
12752,0
12757,5
12763,0
12764,1
12765,0
12766,0
12767,1
12768,0
12769,5
12770,1
12771,1
12772,0
12773,1
12778,0
12780,1
12781,0
12782,1
12785,0
12787,0
12788,0
12789,0
12790,0
12791,0
12792,0
12793,3
12794,0
12805,0
12806,2
12807,0
12808,0
12809,1
12810,1
12811,0
12812,0
12813,0
12814,0
12815,0
12816,0
12817,0
12819,0
12822,0
12823,2
12824,0
12825,0
12826,0
12827,0
12828,0
12829,0
12832,0
12833,0
12834,1
12835,0
12836,1
12837,2
12838,1
12840,0
12841,0
12842,1
12843,1
12844,0
12845,2
12846,4
12847,0
12848,3
12849,0
12850,0
12851,0
12852,0
12853,0
12854,2
12855,0
12856,0
12857,1
12858,0
12859,0
12860,1
12861,1
12862,0
12863,0
12864,0
12865,6
12866,3
12867,1
12868,1
12869,0
12870,0
12871,0
12872,0
12873,2
12874,0
12875,0
12876,0
12877,1
12890,3
12896,0
12897,0
12899,2
12900,0
12901,0
12902,2
12903,3
12904,0
12905,1
12906,1
12907,1
12908,0
12909,1
12910,0
12911,1
12912,1
12913,0
12914,1
12916,3
12918,1
12919,0
12922,1
12923,0
12924,2
12925,0
12926,0
12927,0
12928,0
12929,1
12930,0
12931,0
12932,2
12933,2
12934,0
12935,1
12936,0
12941,1
12943,0
12944,0
12945,3
12947,1
12948,0
12949,0
12950,0
12951,0
12952,3
12954,0
12955,1
12957,0
12965,0
12976,0
12977,0
12978,0
12979,0
12983,0
12984,0
12985,0
12986,0
12987,0
12988,4
12989,0
12990,0
12991,1
12992,0
12993,0
13006,1
13007,0
13008,0
13009,0
13010,0
13012,2
13013,3
13014,1
13015,1
13016,5
13018,2
13020,2
13025,3
13026,0
13030,0
13031,0
13032,1
13037,0
13038,0
13040,0
13041,1
13042,4
13043,11
13044,0
13045,0
13047,7
13048,2
13049,1
13050,0
13051,2
13052,1
13053,1
13054,0
13055,1
13056,6
13057,0
13058,1
13059,0
13060,2
13062,1
13063,1
13064,1
13065,1
13066,0
13067,1
13068,2
13069,0
13070,0
13071,0
13072,0
13073,4
13074,1
13075,1
13076,1
13077,1
13078,1
13079,1
13080,4
13081,4
13082,3
13083,2
13084,1
13085,0
13086,1
13087,1
13088,3
13089,0
13090,1
13091,2
13092,0
13093,4
13094,2
13095,0
13096,3
13097,0
13098,2
13099,1
13100,1
13101,1
13102,1
13103,0
13104,0
13105,1
13106,1
13107,0
13108,0
13109,1
13110,2
13111,0
13112,0
13113,3
13114,1
13115,0
13116,2
13117,0
13118,1
13119,0
13120,2
13121,0
13122,0
13123,0
13124,3
13125,1
13127,0
13129,0
13130,1
13131,1
13132,0
13133,0
13134,0
13145,2
13146,7
13147,2
13148,3
13152,3
13155,1
13156,2
13157,0
13158,0
13160,0
13161,1
13162,5
13163,2
13165,0
13166,4
13167,2
13168,0
13169,0
13170,3
13171,1
13172,1
13173,0
13174,1
13175,0
13176,0
13177,0
13178,1
13179,0
13180,0
13181,0
13182,0
13183,0
13184,0
13185,2
13186,0
13187,0
13188,3
13189,2
13190,0
13191,2
13192,0
13193,0
13194,1
13195,2
13196,1
13197,1
13198,1
13199,1
13200,1
13201,0
13202,1
13203,0
13204,1
13205,0
13206,0
13207,0
13208,0
13209,0
13210,0
13211,2
13212,1
13213,1
13214,0
13215,1
13216,0
13220,0
13221,1
13222,0
13223,0
13224,0
13225,1
13226,0
13227,0
13228,0
13230,0
13231,0
13232,0
13234,0
13237,2
13238,0
13239,0
13240,0
13241,0
13242,2
13243,4
13244,3
13245,2
13247,1
13248,1
13249,2
13250,0
13251,0
13252,1
13253,0
13254,0
13255,0
13256,0
13257,0
13258,0
13259,1
13260,1
13261,4
13262,5
13263,3
13264,1
13265,0
13267,4
13268,0
13269,0
13270,4
13272,0
13273,1
13274,0
13275,0
13276,1
13277,0
13278,0
13279,0
13282,1
13283,0
13284,1
13285,0
13286,0
13287,0
13288,1
13289,1
13290,0
13291,0
13292,1
13293,1
13295,2
13296,0
13297,0
13298,4
13299,2
13300,0
13301,3
13302,0
13303,0
13305,2
13309,0
13310,2
13311,2
13312,0
13313,0
13314,0
13315,0
13316,1
13317,2
13318,0
13319,2
13320,0
13321,1
13322,0
13324,0
13325,0
13326,2
13327,0
13328,0
13329,0
13330,1
13331,0
13332,1
13333,0
13334,0
13335,0
13336,0
13337,3
13338,1
13339,0
13340,0
13341,4
13342,0
13343,0
13344,4
13345,2
13346,0
13347,2
13348,0
13349,0
13350,1
13351,2
13352,0
13353,0
13355,1
13356,2
13357,0
13358,2
13359,0
13360,0
13361,0
13362,0
13363,0
13364,0
13366,0
13367,0
13368,1
13371,0
13372,0
13373,0
13374,0
13375,1
13376,0
13377,1
13378,2
13379,0
13381,0
13382,0
13383,0
13384,0
13385,1
13389,0
13390,5
13391,0
13392,0
13393,1
13394,1
13395,0
13396,1
13397,0
13398,0
13399,1
13400,0
13401,1
13402,0
13403,4
13404,0
13405,2
13406,4
13407,2
13408,0
13409,0
13410,0
13411,0
13412,0
13413,1
13414,1
13415,0
13416,4
13417,0
13418,0
13419,1
13420,0
13422,0
13423,2
13424,0
13425,0
13426,2
13427,2
13428,0
13429,0
13430,0
13431,1
13432,0
13433,1
13434,0
13435,2
13436,0
13437,0
13440,0
13441,1
13442,0
13443,5
13447,0
13449,0
13450,1
13451,0
13452,0
13453,1
13454,0
13455,1
13456,1
13458,7
13459,0
13460,3
13461,0
13462,0
13463,0
13464,2
13465,1
13466,3
13468,0
13469,1
13470,2
13471,0
13472,1
13473,0
13474,0
13475,1
13476,0
13477,0
13478,0
13479,0
13480,0
13481,0
13482,1
13483,1
13487,0
13488,0
13489,1
13490,0
13491,0
13492,0
13493,0
13496,2
13502,3
13503,2
13504,2
13505,0
13506,0
13507,0
13508,2
13509,2
13510,0
13511,0
13512,1
13514,1
13516,0
13517,2
13518,0
13519,0
13520,0
13521,0
13522,0
13533,0
13534,0
13535,1
13536,1
13537,0
13538,0
13539,0
13540,0
13542,0
13543,0
13544,0
13545,0
13546,0
13547,0
13548,0
13549,0
13550,0
13551,0
13552,0
13553,0
13555,0
13556,1
13557,0
13558,1
13559,0
13560,0
13561,1
13562,1
13563,0
13564,0
13565,0
13566,0
13567,0
13568,2
13569,0
13570,1
13571,0
13572,0
13573,2
13575,2
13576,0
13577,0
13579,0
13580,0
13581,0
13582,0
13583,0
13584,5
13585,1
13586,1
13587,0
13588,3
13590,0
13591,0
13592,0
13593,1
13594,5
13595,0
13596,4
13598,0
13601,1
13602,1
13604,1
13606,4
13609,1
13610,0
13611,1
13612,0
13613,2
13614,0
13615,0
13617,2
13618,0
13619,1
13620,0
13621,0
13622,0
13623,0
13625,0
13626,0
13627,0
13628,1
13631,4
13632,6
13633,0
13634,1
13640,1
13641,0
13642,0
13644,0
13645,4
13646,0
13647,2
13648,1
13649,0
13650,0
13651,0
13652,2
13653,0
13654,0
13655,0
13657,0
13658,0
13659,1
13661,1
13662,2
13663,0
13664,0
13665,1
13666,8
13667,0
13668,0
13669,1
13672,0
13673,0
13674,0
13676,0
13677,1
13678,1
13679,3
13680,3
13681,1
13682,7
13683,0
13684,4
13685,0
13686,2
13687,0
13688,0
13690,2
13691,0
13692,0
13693,0
13694,0
13695,1
13696,1
13697,2
13698,2
14698,1
14699,0
14700,1
14701,1
14702,0
14703,0
14704,0
14705,0
14706,4
14707,3
14708,0
14709,1
14710,0
14711,2
14712,2
14713,1
14714,0
14716,2
14718,0
14719,0
14720,0
14721,1
14722,0
14723,4
14724,0
14725,0
14726,0
14727,1
14728,0
14729,0
14730,1
14731,3
14734,5
14737,4
14738,0
14739,0
14740,2
14741,0
14742,1
14743,0
14744,0
14745,0
14746,0
14747,0
14748,0
14749,0
14750,0
14751,0
14752,0
14753,1
14754,0
14755,2
14756,1
14757,3
14758,0
14759,0
14760,4
14761,0
14762,0
14763,4
14764,0
14765,0
14770,0
14771,4
14772,0
14773,1
14774,0
14775,0
14776,2
14777,1
14778,4
14779,0
14780,0
14781,0
14782,0
14783,0
14784,1
14785,0
14786,0
14787,0
14788,0
14789,0
14790,1
14791,1
14792,0
14793,0
14794,0
14795,0
14796,0
14797,0
14798,0
14799,0
14800,0
14801,0
14802,0
14803,0
14804,2
14805,0
14806,0
14807,2
14808,1
14809,0
14810,0
14811,0
14812,2
14815,0
14816,0
14817,0
14818,1
14819,2
14821,0
14822,0
14823,0
14826,0
14830,0
14831,1
14832,0
14833,0
14835,3
14839,4
14840,5
14841,4
14842,1
14843,1
14844,1
14845,1
14846,1
14847,1
14848,0
14849,0
14850,0
14851,0
14852,2
14853,0
14854,0
14855,1
14856,1
14857,2
14859,1
14860,2
14861,1
14862,0
14863,3
14864,0
14865,2
14868,0
14869,1
14870,1
14872,0
14873,0
14875,0
14877,0
14878,2
14879,2
14880,1
14881,5
14882,5
14884,0
14885,2
14886,1
14887,1
14888,0
14889,0
14891,2
14892,0
14893,1
14894,1
14895,1
14897,0
14898,0
14899,0
14900,1
14901,0
14902,1
14903,0
14904,1
14905,0
14908,2
14909,0
14910,4
14911,0
14912,0
14913,0
14914,0
14915,0
14916,0
14917,1
14918,1
14920,0
14921,2
14922,0
14923,1
14924,0
14925,0
14926,0
14927,0
14928,0
14929,0
14930,0
14931,0
14932,0
14933,1
14934,0
14935,4
14936,0
14937,0
14938,0
14939,1
14940,1
14941,0
14942,4
14943,2
14944,0
14945,2
14946,0
14949,2
14951,0
14956,7
14957,1
14964,0
14965,0
14967,4
14970,0
14971,0
14972,0
14973,0
14974,0
14975,0
14976,0
14977,0
14978,0
14980,0
14983,3
14984,0
14987,0
14988,5
14989,0
14990,1
14993,0
14996,0
14997,1
14998,0
14999,0
15000,0
15001,9
15003,4
15004,5
15005,5
15006,4
15008,0
15009,1
15010,2
15011,14
15012,1
15013,0
15014,6
15015,0
15016,2
15017,4
15018,5
15019,0
15020,1
15021,1
15022,3
15023,2
15024,10
15025,0
15026,0
15027,8
15028,2
15029,0
15030,0
15032,2
15033,3
15034,0
15035,0
15036,1
15037,1
15038,3
15039,0
15040,1
15041,1
15042,0
15043,0
15045,0
15046,0
15047,0
15048,0
15049,0
15050,0
15051,6
15052,1
15053,0
15054,0
15055,2
15056,2
15057,2
15058,7
15059,1
15060,4
15061,0
15062,6
15063,1
15064,1
15065,0
15066,0
15075,4
15076,1
15077,2
15078,3
15079,1
15081,1
15082,2
15084,0
15085,3
15086,1
15087,1
15088,6
15089,2
15090,1
15091,1
15093,7
15096,0
15097,0
15098,2
15099,2
15100,5
15101,2
15102,5
15103,1
15104,0
15105,0
15106,1
15107,3
15108,0
15109,1
15110,0
15111,8
15112,0
15113,0
15114,1
15115,1
15116,1
15117,0
15118,1
15119,0
15120,0
15121,1
15123,0
15124,1
15125,0
15126,1
15127,4
15128,0
15129,0
15130,3
15131,1
15145,0
15147,4
15148,2
15149,3
15150,1
15151,0
15152,2
15153,0
15154,0
15155,0
15156,0
15157,0
15158,2
15159,0
15160,16
15162,7
15163,9
15164,6
15165,1
15166,0
15167,2
15168,3
15169,2
15170,1
15171,5
15173,0
15174,0
15175,0
15176,0
15177,0
15178,3
15180,5
15181,15
15182,1
15183,0
15184,0
15185,0
15186,0
15187,2
15188,0
15189,0
15190,1
15191,1
15192,0
15193,6
15194,1
15195,0
15196,0
15197,6
15198,2
15199,1
15200,5
15201,0
15202,0
15203,0
15205,1
15206,0
15207,0
15208,0
15209,2
15210,0
15211,0
15212,2
15213,3
15214,0
15215,4
15216,1
15217,4
15218,0
15219,1
15220,3
15221,2
15222,1
15223,1
15224,0
15225,1
15226,0
15227,1
15228,1
15229,1
15230,1
15231,1
15232,4
15234,0
15235,1
15236,0
15237,0
15238,0
15239,0
15240,0
15243,1
15244,1
15245,0
15246,1
15247,0
15248,1
15249,0
15250,0
15252,0
15253,1
15254,0
15255,0
15256,1
15257,0
15258,1
15259,0
15260,0
15261,1
15262,1
15263,1
15264,0
15265,2
15266,0
15267,1
15268,0
15269,2
15270,0
15271,0
15272,0
15273,0
15276,3
15277,2
15278,0
15279,0
15280,2
15281,0
15282,1
15283,0
15284,2
15285,0
15286,4
15287,0
15288,0
15289,1
15290,0
15291,1
15292,6
15293,1
15294,2
15295,1
15296,0
15297,0
15298,0
15299,0
15300,2
15301,2
15302,0
15304,0
15305,2
15306,0
15307,6
15308,1
15309,1
15311,0
15312,0
15316,1
15317,1
15318,2
15319,0
15320,2
15321,4
15322,1
15323,2
15324,0
15326,1
15327,0
15328,0
15329,1
15330,0
15331,1
15332,0
15333,2
15334,0
15335,2
15336,1
15337,0
15338,0
15339,1
15340,2
15341,1
15342,0
15343,1
15344,0
15345,0
15346,0
15347,0
15348,0
15349,1
15350,0
15351,3
15352,0
15353,1
15354,1
15356,2
15357,2
15358,1
15360,1
15361,4
15362,1
15363,0
15364,2
15365,0
15366,0
15367,1
15368,5
15369,5
15370,6
15371,3
15372,0
15373,1
15374,0
15375,0
15376,0
15377,1
15379,1
15380,0
15381,6
15382,0
15383,4
15384,1
15385,0
15386,1
15387,5
15388,1
15389,2
15390,0
15391,1
15395,7
15396,3
15399,0
15400,1
15402,11
15403,0
15404,1
15406,0
15407,0
15408,0
15409,0
15410,1
15411,0
15412,1
15413,1
15414,0
15416,1
15418,7
15420,1
15421,6
15423,3
15424,0
15425,3
15426,0
15427,1
15428,1
15429,0
15430,2
15431,0
15432,0
15433,0
15434,0
15435,0
15436,0
15437,0
15446,0
15447,1
15448,0
15449,0
15450,2
15451,0
15452,0
15453,1
15456,0
15457,1
15458,1
15460,2
15461,0
15462,0
15463,0
15464,0
15466,2
15467,3
15469,0
15471,0
15472,4
15474,1
15475,3
15476,3
15484,2
15486,0
15487,1
15489,0
15490,0
15492,0
15493,0
15495,1
15496,1
15497,0
15500,0
15501,4
15502,0
15505,0
15506,0
15507,0
15508,0
15509,0
15516,1
15518,0
15519,0
15520,0
15522,0
15523,0
15524,1
15526,0
15527,0
15528,1
15529,0
15530,2
15532,4
15533,5
15534,2
15538,1
15540,2
15542,0
15543,1
15547,1
15548,0
15549,0
15550,7
15551,4
15552,1
15553,0
15558,3
15559,1
15560,0
15561,0
15562,0
15563,0
15564,0
15565,3
15566,0
15567,0
15568,1
15569,0
15570,1
15571,1
15572,0
15573,0
15574,1
15575,1
15576,0
15577,2
15578,0
15579,4
15580,2
15581,0
15582,0
15583,1
15584,2
15585,2
15586,0
15587,1
15588,1
15589,3
15590,0
15591,1
15592,0
15593,0
15594,0
15595,1
15596,3
15598,2
15599,0
15600,3
15601,3
15602,4
15603,3
15604,6
15605,1
15606,1
15607,2
15608,0
15609,0
15610,2
15611,0
15612,0
15613,0
15621,6
15623,1
15624,5
15625,2
15626,0
15627,0
15628,1
15629,1
15630,0
15631,0
15633,0
15634,0
15635,1
15636,0
15637,4
15638,0
15639,1
15640,1
15641,1
15642,2
15643,4
15644,3
15646,0
15648,0
15649,0
15650,0
15651,12
15653,1
15654,3
15655,0
15656,2
15657,2
15658,1
15659,1
15660,0
15661,1
15662,1
15663,1
15664,1
15665,0
15666,0
15667,1
15668,0
15669,0
15670,0
15671,0
15672,2
15673,0
15674,0
15675,0
15676,0
15677,0
15678,0
15679,0
15680,0
15681,0
15682,0
15683,1
15684,2
15685,2
15686,0
15687,0
15688,0
15689,0
15691,0
15692,2
15693,0
15694,2
15695,0
15696,0
15697,0
15698,1
15699,1
15701,0
15702,3
15703,0
15704,0
15707,0
15708,0
15709,0
15711,1
15712,3
15713,1
15714,1
15715,0
15716,0
15717,1
15719,0
15720,0
15721,0
15722,2
15723,1
15724,0
15726,0
15727,1
15729,3
15731,0
15732,0
15733,0
15736,1
15737,0
15738,0
15739,1
15740,0
15741,0
15742,1
15743,1
15744,1
15747,0
15748,0
15749,0
15754,1
15755,0
15756,1
15757,0
15758,0
15759,0
15760,0
15761,0
15762,1
15763,0
15764,0
15765,0
15766,1
15767,1
15768,1
15769,0
15770,0
15771,1
15772,1
15773,1
15774,1
15775,2
15780,0
15781,0
15782,0
15783,0
15784,1
15785,1
15786,1
15787,1
15788,2
15789,1
15790,1
15791,1
15792,0
15793,1
15794,1
15795,0
15796,0
15797,0
15798,3
15799,0
15800,0
15801,0
15802,1
15803,1
15804,0
15805,1
15806,1
15807,0
15808,0
15809,0
15810,0
15811,0
15812,1
15813,0
15814,0
15815,3
15816,0
15817,0
15820,0
15821,1
15822,0
15823,0
15824,0
15825,2
15826,2
15827,1
15828,0
15829,0
15830,2
15831,0
15832,1
15833,0
15834,1
15835,0
15836,1
15837,0
15838,1
15839,1
15840,0
15841,0
15842,0
15843,0
15844,1
15845,0
15846,0
15847,0
15848,0
15849,0
15850,0
15851,0
15852,0
15853,20
15854,0
15855,1
15856,0
15857,1
15858,0
15859,0
15860,0
15861,0
15862,0
15863,0
15866,0
15867,1
15868,1
15869,1
15870,2
15871,0
15872,1
15873,0
15874,2
15875,0
15876,3
15879,6
15880,0
15881,5
15882,1
15883,0
15884,2
15885,0
15886,0
15887,0
15888,0
15890,0
15891,0
15896,1
15897,0
15898,0
15899,0
15900,4
15901,0
15902,0
15903,0
15904,1
15905,0
15906,0
15907,1
15908,3
15909,0
15910,0
15911,0
15912,1
15913,0
15914,1
15915,0
15916,1
15922,0
15923,2
15924,2
15927,0
15928,0
15929,0
15930,0
15931,0
15932,0
15933,2
15934,0
15935,0
15936,0
15937,3
15938,0
15939,0
15940,2
15941,4
15944,2
15945,0
15946,1
15947,0
15948,0
15949,0
15950,0
15951,0
15952,0
15953,3
15954,0
15955,0
15956,1
15957,2
15958,3
15959,3
15960,0
15961,0
15962,0
15963,2
15964,4
15965,6
15967,3
15968,0
15969,3
15970,0
15971,0
15972,2
15973,1
15974,0
15975,0
15976,1
15977,1
15978,0
15979,1
15980,3
15981,0
15982,5
15983,2
15984,1
15985,2
15986,1
15987,0
15988,1
15989,0
15990,1
15991,0
15992,0
15993,0
15994,0
15995,0
15996,1
15998,0
15999,0
16000,0
16001,2
16002,0
16004,2
16009,1
16010,0
16011,0
16012,0
16013,3
16014,0
16015,2
16016,1
16017,0
16018,1
16019,3
16020,1
16021,1
16022,1
16023,0
16024,0
16025,0
16026,3
16027,0
16028,1
16029,0
16030,1
16031,0
16032,0
16033,5
16034,0
16035,1
16036,1
16037,1
16038,2
16039,1
16040,0
16041,1
16042,0
16043,1
16044,0
16046,1
16047,0
16048,1
16049,0
16051,1
16052,1
16053,0
16054,0
16055,1
16057,1
16058,0
16059,1
16060,0
16061,1
16062,0
16063,0
16064,0
16065,2
16066,1
16068,0
16069,0
16070,0
16071,0
16072,0
16073,0
16074,0
16075,0
16076,1
16077,0
16078,0
16079,0
16080,0
16081,0
16082,1
16083,0
16084,0
16085,0
16086,1
16087,0
16088,4
16089,2
16090,0
16091,0
16092,0
16093,0
16094,0
16095,1
16096,0
16097,0
16098,1
16099,1
16100,1
16101,2
16104,2
16107,1
16108,1
16109,4
16110,0
16112,1
16113,0
16114,1
16115,0
16116,0
16117,5
16118,0
16119,3
16120,2
16121,0
16124,0
16125,5
16126,0
16127,4
16128,1
16129,0
16130,0
16131,2
16132,0
16134,0
16135,0
16137,7
16138,0
16139,6
16140,1
16141,0
16142,0
16143,0
16144,1
16145,1
16146,1
16147,1
16148,1
16149,1
16150,0
16151,1
16152,0
16153,0
16154,0
16155,1
16156,0
16157,1
16158,1
16159,0
16160,0
16161,1
16162,0
16163,3
16164,1
16165,0
16166,0
16168,0
16169,2
16170,0
16171,1
16172,0
16176,2
16179,0
16180,0
16181,0
16182,0
16183,0
16184,0
16187,2
16188,0
16189,2
16190,3
16191,3
16192,3
16193,5
16199,0
16208,5
16209,0
16214,1
16215,1
16216,4
16217,8
16218,4
16220,3
16221,6
16222,3
16223,1
16224,3
16225,3
16226,0
16227,3
16228,1
16229,2
16230,2
16231,0
16232,0
16233,0
16234,7
16235,2
16236,2
16237,0
16238,0
16239,4
16240,0
16241,0
16242,3
16243,2
16245,2
16246,0
16247,0
16248,2
16249,1
16251,4
16252,12
16253,4
16259,1
16260,0
16261,0
16262,3
16263,2
16264,5
16265,0
16266,0
16267,1
16268,2
16270,0
16271,2
16272,0
16273,4
16274,1
16275,0
16276,0
16277,0
16278,1
16279,1
16280,0
16282,0
16283,0
16284,2
16285,0
16286,1
16288,0
16290,2
16291,1
16293,0
16294,0
16295,0
16296,5
16297,1
16298,0
16299,6
16300,5
16301,0
16303,3
16304,13
16305,2
16306,0
16307,0
16308,1
16309,0
16310,0
16311,2
16312,2
16313,0
16314,3
16315,2
16316,9
16317,2
16318,2
16319,1
16320,12
16321,10
16322,5
16323,7
16324,7
16325,1
16326,0
16327,1
16328,4
16329,6
16330,3
16331,3
16332,0
16333,1
16334,0
16335,3
16336,0
16337,2
16338,0
16339,4
16340,0
16341,2
16342,0
16343,0
16344,0
16345,1
16346,1
16347,1
16348,1
16349,1
16350,0
16351,0
16352,1
16354,1
16355,1
16356,1
16357,0
16358,2
16359,7
16360,0
16361,0
16362,0
16363,0
16364,6
16365,3
16366,5
16367,3
16368,1
16369,5
16370,0
16371,0
16372,0
16373,0
16374,0
16375,0
16376,2
16377,0
16378,0
16379,1
16380,0
16381,1
16382,3
16383,1
16384,7
16386,0
16387,0
16388,0
16389,3
16390,2
16391,1
16392,2
16393,0
16394,8
16395,5
16396,0
16397,3
16398,5
16399,0
16400,0
16402,1
16403,0
16404,1
16405,0
16406,5
16416,1
16418,2
16423,2
16427,5
16428,1
16429,1
16430,1
16431,4
16432,0
16434,0
16435,0
16436,0
16437,6
16438,0
16439,0
16440,8
16441,0
16442,0
16443,3
16444,0
16445,3
16446,0
16447,6
16448,4
16451,4
16453,4
16454,0
16455,3
16456,3
16457,4
16458,0
16459,0
16460,2
16461,0
16462,0
16463,0
16464,8
16469,0
16470,1
16471,1
16472,0
16473,1
16474,0
16475,0
16476,0
16477,0
16478,0
16479,1
16480,1
16481,0
16482,0
16483,0
16484,1
16485,1
16486,1
16487,0
16488,0
16489,1
16490,0
16491,0
16492,0
16494,1
16495,1
16497,1
16498,1
16499,1
16500,1
16501,1
16502,0
16503,1
16504,1
16505,0
16506,1
16508,0
16509,1
16510,2
16511,4
16512,4
16513,2
16515,2
16516,3
16517,1
16518,1
16519,1
16520,1
16521,3
16522,0
16523,0
16529,1
16530,1
16531,1
16532,1
16533,1
16537,0
16539,2
16540,5
16541,1
16542,1
16543,2
16544,2
16545,1
16546,2
16548,0
16549,0
16550,3
16551,2
16552,3
16553,0
16554,0
16555,1
16556,0
16557,1
16558,0
16559,0
16561,0
16562,5
16563,7
16565,5
16567,4
16568,0
16569,2
16570,0
16571,0
16572,1
16573,4
16574,0
16576,0
16577,0
16578,0
16579,0
16580,4
16581,2
16582,1
16583,0
16584,1
16585,3
16586,0
16587,1
16588,5
16589,2
16590,6
16591,1
16592,0
16593,0
16594,0
16595,0
16596,1
16597,0
16598,1
16599,1
16600,0
16602,0
16604,4
16606,0
16607,0
16608,0
16609,0
16610,9
16611,0
16612,0
16613,0
16614,1
16615,0
16616,2
16617,0
16618,2
16619,0
16620,0
16621,0
16622,3
16623,1
16627,10
16628,0
16629,0
16630,0
16631,0
16632,1
16633,2
16660,0
16661,0
16662,0
16663,0
16666,0
16667,0
16670,1
16671,4
16672,0
16673,3
16674,1
16675,10
16676,3
16677,6
16678,4
16679,0
16680,0
16681,0
16682,0
16683,0
16684,0
16685,0
16686,0
16687,0
16688,1
16689,0
16690,1
16691,0
16692,3
16695,4
16696,1
16697,5
16698,1
16700,0
16701,0
16702,0
16703,1
16705,1
16706,0
16707,1
16708,1
16709,0
16710,0
16711,1
16712,0
16713,0
16714,0
16715,0
16716,0
16717,0
16719,1
16720,1
16721,3
16722,1
16723,2
16725,2
16726,3
16727,1
16728,0
16729,3
16730,1
16731,1
16733,1
16734,0
16736,4
16737,2
16738,6
16739,0
16740,1
16741,1
16742,3
16743,0
16744,2
16745,3
16746,1
16747,0
16748,1
16749,0
16750,1
16751,0
16752,1
16753,1
16755,0
16756,0
16757,2
16758,1
16759,1
16760,2
16761,1
16762,1
16763,2
16767,0
16768,0
16769,0
16771,2
16772,0
16773,0
16774,0
16775,0
16776,0
16777,0
16778,2
16779,0
16780,0
16781,0
16782,0
16783,7
16784,1
16786,2
16787,0
16788,3
16789,3
16790,0
16792,0
16794,3
16795,1
16796,2
16797,1
16802,1
16803,0
16804,2
16805,1
16806,2
16807,3
16808,3
16809,0
16810,0
16811,1
16812,0
16813,5
16814,0
16820,0
16821,3
16822,0
16823,0
16824,0
16825,1
16828,1
16830,0
16831,0
16832,0
16833,1
16834,1
16835,0
16836,0
16837,0
16838,0
16839,0
16840,1
16841,0
16842,0
16843,1
16844,0
16845,0
16846,0
